sim_id,total_attrition,total_leaves
1,464,3435
2,499,3377
3,495,3357
4,489,3366
5,478,3392
6,467,3388
7,486,3294
8,494,3392
9,479,3264
10,482,3376
11,496,3348
12,495,3372
13,483,3430
14,491,3394
15,484,3354
16,484,3363
17,489,3310
18,511,3437
19,472,3395
20,462,3314
21,495,3352
22,496,3385
23,455,3381
24,487,3437
25,493,3286
26,459,3417
27,490,3396
28,476,3461
29,475,3362
30,464,3432
31,489,3341
32,486,3518
33,491,3487
34,476,3404
35,477,3305
36,475,3503
37,503,3383
38,478,3351
39,482,3352
40,496,3388
41,507,3367
42,480,3320
43,462,3385
44,475,3440
45,500,3327
46,454,3451
47,481,3512
48,481,3373
49,461,3361
50,470,3273
51,483,3359
52,492,3421
53,490,3374
54,459,3489
55,477,3449
56,488,3464
57,486,3295
58,494,3330
59,489,3401
60,479,3292
61,479,3338
62,462,3324
63,480,3384
64,467,3396
65,470,3359
66,458,3441
67,476,3411
68,498,3383
69,474,3398
70,479,3344
71,493,3313
72,475,3395
73,498,3320
74,481,3401
75,459,3422
76,508,3509
77,476,3437
78,499,3406
79,503,3323
80,471,3332
81,474,3464
82,500,3363
83,466,3330
84,491,3404
85,490,3441
86,494,3358
87,478,3390
88,509,3353
89,492,3430
90,465,3452
91,514,3196
92,493,3356
93,494,3309
94,449,3319
95,505,3306
96,513,3409
97,511,3270
98,491,3384
99,481,3361
100,488,3534
101,494,3453
102,481,3427
103,477,3480
104,488,3348
105,457,3328
106,480,3487
107,493,3284
108,526,3335
109,494,3372
110,507,3362
111,496,3310
112,491,3386
113,490,3403
114,473,3405
115,498,3493
116,471,3471
117,501,3375
118,483,3370
119,481,3472
120,481,3386
121,473,3378
122,480,3410
123,494,3479
124,502,3443
125,479,3349
126,485,3305
127,468,3290
128,503,3396
129,489,3460
130,486,3362
131,486,3486
132,498,3442
133,488,3463
134,490,3431
135,487,3299
136,495,3387
137,465,3365
138,483,3426
139,514,3375
140,465,3359
141,496,3416
142,507,3381
143,485,3460
144,474,3331
145,489,3393
146,480,3466
147,499,3350
148,485,3373
149,496,3359
150,495,3239
151,495,3447
152,512,3359
153,496,3451
154,482,3318
155,514,3316
156,485,3345
157,514,3332
158,477,3413
159,483,3419
160,475,3407
161,483,3346
162,497,3333
163,485,3359
164,497,3481
165,492,3379
166,504,3426
167,498,3440
168,496,3365
169,475,3450
170,477,3264
171,467,3360
172,502,3382
173,500,3386
174,498,3345
175,493,3403
176,469,3389
177,466,3379
178,480,3367
179,493,3346
180,483,3386
181,486,3358
182,468,3317
183,486,3411
184,491,3331
185,468,3430
186,467,3435
187,506,3516
188,487,3418
189,456,3387
190,460,3334
191,491,3286
192,480,3464
193,474,3341
194,493,3415
195,459,3363
196,476,3297
197,477,3363
198,479,3331
199,487,3428
200,504,3367
201,483,3397
202,503,3387
203,454,3300
204,478,3428
205,464,3351
206,494,3436
207,493,3361
208,474,3300
209,460,3324
210,485,3458
211,491,3340
212,461,3519
213,487,3318
214,483,3433
215,501,3463
216,455,3423
217,492,3369
218,472,3374
219,481,3342
220,484,3463
221,487,3359
222,489,3334
223,488,3396
224,511,3414
225,502,3377
226,492,3434
227,497,3282
228,462,3477
229,449,3405
230,490,3431
231,481,3360
232,492,3392
233,484,3287
234,487,3332
235,501,3474
236,473,3395
237,488,3355
238,477,3319
239,481,3372
240,487,3437
241,473,3276
242,497,3503
243,490,3396
244,465,3366
245,456,3318
246,498,3344
247,474,3469
248,478,3378
249,502,3370
250,495,3414
251,483,3283
252,491,3347
253,530,3336
254,475,3325
255,476,3320
256,515,3452
257,511,3465
258,492,3535
259,464,3337
260,478,3351
261,516,3432
262,476,3372
263,504,3435
264,484,3394
265,475,3315
266,495,3319
267,494,3396
268,475,3454
269,496,3534
270,481,3439
271,501,3491
272,470,3405
273,508,3388
274,480,3399
275,481,3463
276,477,3453
277,475,3483
278,493,3373
279,493,3408
280,475,3429
281,493,3487
282,458,3323
283,471,3333
284,505,3351
285,492,3360
286,478,3358
287,495,3410
288,496,3419
289,482,3269
290,483,3431
291,460,3299
292,489,3382
293,495,3359
294,468,3398
295,462,3325
296,449,3441
297,488,3350
298,490,3412
299,466,3322
300,460,3498
301,459,3367
302,485,3331
303,452,3365
304,475,3377
305,468,3406
306,471,3307
307,489,3358
308,471,3265
309,504,3321
310,475,3423
311,464,3391
312,488,3435
313,496,3411
314,463,3424
315,480,3363
316,483,3458
317,499,3326
318,490,3473
319,495,3325
320,483,3300
321,476,3375
322,485,3326
323,496,3382
324,473,3379
325,489,3422
326,478,3461
327,454,3243
328,479,3355
329,488,3379
330,477,3418
331,476,3435
332,487,3338
333,492,3424
334,478,3195
335,479,3431
336,487,3429
337,469,3389
338,478,3392
339,490,3402
340,497,3419
341,492,3421
342,495,3358
343,460,3408
344,489,3338
345,477,3319
346,489,3318
347,501,3426
348,499,3411
349,515,3367
350,502,3340
351,492,3475
352,455,3371
353,473,3307
354,491,3369
355,496,3336
356,528,3309
357,488,3410
358,469,3517
359,495,3386
360,522,3352
361,489,3397
362,495,3308
363,484,3404
364,465,3442
365,474,3446
366,486,3400
367,491,3377
368,476,3378
369,466,3333
370,468,3331
371,482,3421
372,482,3381
373,503,3231
374,476,3380
375,451,3447
376,478,3368
377,486,3402
378,481,3395
379,469,3448
380,516,3406
381,468,3401
382,490,3481
383,477,3347
384,484,3275
385,474,3328
386,505,3302
387,477,3378
388,471,3332
389,507,3432
390,478,3378
391,476,3503
392,507,3418
393,488,3370
394,476,3326
395,489,3372
396,491,3467
397,482,3431
398,491,3348
399,477,3436
400,486,3373
401,487,3370
402,472,3378
403,476,3297
404,482,3423
405,476,3353
406,492,3432
407,465,3380
408,486,3329
409,486,3220
410,490,3363
411,493,3356
412,462,3413
413,489,3344
414,500,3342
415,509,3494
416,495,3288
417,491,3238
418,504,3313
419,478,3371
420,507,3365
421,485,3403
422,489,3476
423,480,3454
424,511,3436
425,501,3478
426,455,3340
427,477,3406
428,484,3377
429,490,3472
430,475,3349
431,474,3365
432,482,3425
433,504,3484
434,475,3404
435,497,3331
436,482,3441
437,471,3422
438,498,3367
439,488,3363
440,477,3402
441,467,3409
442,485,3370
443,478,3532
444,483,3333
445,460,3543
446,474,3350
447,494,3362
448,468,3402
449,493,3460
450,476,3378
451,483,3309
452,489,3444
453,480,3270
454,472,3423
455,501,3399
456,479,3368
457,500,3398
458,469,3271
459,471,3295
460,468,3342
461,484,3390
462,472,3406
463,493,3349
464,447,3307
465,471,3348
466,496,3400
467,474,3369
468,468,3333
469,492,3361
470,473,3439
471,481,3364
472,479,3276
473,476,3299
474,470,3279
475,489,3380
476,522,3370
477,466,3442
478,485,3352
479,516,3379
480,505,3380
481,496,3278
482,484,3365
483,482,3401
484,468,3325
485,482,3426
486,476,3359
487,502,3376
488,497,3394
489,501,3394
490,465,3371
491,492,3363
492,493,3393
493,501,3383
494,516,3406
495,469,3273
496,488,3428
497,478,3362
498,470,3371
499,480,3420
500,472,3430
501,497,3284
502,493,3355
503,459,3392
504,467,3423
505,461,3442
506,467,3421
507,474,3277
508,485,3267
509,459,3409
510,472,3401
511,508,3379
512,462,3359
513,482,3434
514,470,3425
515,473,3350
516,486,3319
517,489,3319
518,495,3500
519,486,3373
520,457,3349
521,484,3403
522,505,3300
523,504,3394
524,499,3375
525,502,3248
526,496,3403
527,471,3481
528,467,3388
529,484,3348
530,474,3304
531,492,3440
532,491,3407
533,488,3423
534,493,3479
535,473,3402
536,486,3456
537,479,3397
538,487,3372
539,485,3361
540,466,3395
541,488,3279
542,488,3338
543,502,3464
544,507,3338
545,475,3310
546,470,3274
547,475,3416
548,493,3382
549,505,3393
550,470,3337
551,516,3431
552,489,3332
553,497,3287
554,482,3437
555,470,3526
556,491,3413
557,465,3349
558,471,3335
559,485,3417
560,472,3306
561,461,3449
562,511,3352
563,488,3257
564,476,3324
565,495,3352
566,486,3393
567,487,3409
568,484,3348
569,484,3409
570,494,3428
571,492,3332
572,519,3434
573,502,3476
574,501,3388
575,488,3361
576,483,3337
577,475,3374
578,466,3266
579,495,3408
580,510,3282
581,483,3374
582,499,3424
583,488,3393
584,462,3345
585,504,3345
586,493,3343
587,486,3438
588,474,3491
589,479,3366
590,467,3324
591,473,3354
592,474,3363
593,489,3386
594,466,3276
595,488,3445
596,470,3400
597,476,3375
598,486,3426
599,490,3445
600,484,3434
601,486,3286
602,465,3423
603,518,3326
604,497,3311
605,487,3465
606,472,3316
607,499,3433
608,473,3369
609,486,3365
610,503,3347
611,508,3450
612,466,3374
613,503,3319
614,475,3420
615,491,3398
616,504,3321
617,480,3422
618,480,3309
619,518,3350
620,500,3390
621,493,3366
622,464,3370
623,494,3285
624,486,3415
625,486,3485
626,497,3380
627,489,3314
628,487,3340
629,470,3432
630,489,3434
631,491,3369
632,497,3336
633,495,3339
634,490,3344
635,496,3301
636,503,3403
637,463,3404
638,486,3294
639,481,3429
640,501,3477
641,508,3388
642,481,3429
643,469,3450
644,467,3496
645,483,3363
646,481,3441
647,468,3252
648,468,3488
649,485,3376
650,484,3458
651,490,3334
652,497,3300
653,483,3270
654,502,3359
655,501,3421
656,502,3393
657,479,3343
658,478,3390
659,495,3379
660,466,3357
661,489,3331
662,484,3499
663,467,3474
664,496,3397
665,466,3333
666,479,3285
667,482,3445
668,491,3408
669,479,3353
670,470,3394
671,467,3429
672,501,3437
673,507,3377
674,491,3288
675,484,3334
676,459,3312
677,472,3309
678,480,3334
679,477,3378
680,492,3379
681,452,3347
682,487,3487
683,484,3432
684,474,3422
685,487,3329
686,475,3318
687,477,3412
688,504,3446
689,478,3376
690,471,3403
691,473,3390
692,482,3451
693,485,3475
694,488,3459
695,483,3371
696,502,3359
697,488,3373
698,483,3361
699,488,3320
700,516,3394
701,492,3504
702,485,3367
703,488,3377
704,483,3367
705,506,3352
706,467,3376
707,474,3441
708,500,3421
709,489,3391
710,473,3392
711,499,3386
712,502,3344
713,492,3324
714,510,3403
715,506,3338
716,492,3410
717,491,3412
718,497,3252
719,488,3387
720,474,3364
721,461,3355
722,471,3391
723,495,3379
724,469,3366
725,488,3354
726,488,3326
727,499,3413
728,489,3353
729,481,3390
730,474,3468
731,484,3457
732,487,3413
733,474,3324
734,483,3441
735,465,3314
736,460,3429
737,481,3346
738,460,3355
739,505,3421
740,487,3377
741,481,3432
742,470,3318
743,474,3379
744,486,3385
745,475,3423
746,503,3448
747,508,3328
748,483,3389
749,497,3346
750,468,3352
751,485,3305
752,488,3466
753,474,3480
754,498,3357
755,465,3327
756,481,3456
757,457,3405
758,501,3418
759,502,3366
760,492,3311
761,479,3324
762,487,3296
763,514,3431
764,464,3314
765,495,3276
766,468,3339
767,516,3375
768,469,3466
769,483,3441
770,459,3420
771,490,3403
772,453,3207
773,503,3458
774,487,3366
775,483,3339
776,486,3363
777,477,3313
778,478,3408
779,483,3478
780,492,3370
781,487,3339
782,498,3406
783,466,3410
784,445,3270
785,463,3394
786,476,3446
787,487,3381
788,491,3368
789,495,3386
790,506,3439
791,490,3394
792,494,3389
793,484,3353
794,490,3518
795,494,3380
796,492,3336
797,481,3349
798,461,3423
799,489,3385
800,472,3349
801,481,3397
802,490,3482
803,486,3356
804,488,3319
805,478,3345
806,486,3276
807,451,3299
808,480,3317
809,484,3447
810,490,3411
811,506,3361
812,466,3286
813,511,3469
814,485,3328
815,518,3429
816,475,3264
817,468,3339
818,482,3321
819,493,3292
820,496,3328
821,478,3395
822,484,3378
823,475,3331
824,481,3404
825,474,3313
826,473,3445
827,458,3323
828,472,3289
829,470,3346
830,482,3410
831,469,3339
832,492,3492
833,477,3348
834,500,3429
835,481,3441
836,460,3291
837,491,3259
838,496,3413
839,502,3333
840,495,3322
841,467,3461
842,507,3434
843,497,3470
844,472,3395
845,493,3318
846,483,3386
847,495,3447
848,470,3514
849,479,3427
850,485,3366
851,491,3374
852,480,3408
853,483,3379
854,499,3363
855,492,3434
856,492,3494
857,467,3424
858,498,3346
859,478,3402
860,450,3363
861,460,3352
862,512,3417
863,493,3334
864,492,3381
865,480,3360
866,490,3402
867,503,3366
868,479,3390
869,496,3522
870,498,3400
871,456,3444
872,492,3395
873,496,3354
874,489,3360
875,478,3412
876,461,3304
877,474,3362
878,485,3281
879,489,3341
880,475,3394
881,487,3311
882,474,3304
883,487,3380
884,490,3493
885,488,3175
886,497,3398
887,475,3416
888,508,3348
889,502,3361
890,493,3395
891,481,3457
892,488,3372
893,484,3298
894,495,3397
895,497,3351
896,486,3434
897,480,3537
898,504,3375
899,475,3430
900,466,3370
901,517,3399
902,448,3424
903,482,3361
904,473,3373
905,474,3330
906,486,3455
907,480,3439
908,486,3393
909,489,3442
910,498,3464
911,462,3405
912,511,3417
913,490,3470
914,495,3363
915,501,3332
916,471,3442
917,494,3365
918,472,3372
919,484,3367
920,505,3451
921,485,3405
922,490,3535
923,477,3367
924,503,3387
925,501,3489
926,479,3287
927,492,3517
928,500,3342
929,491,3456
930,482,3452
931,469,3374
932,479,3369
933,484,3345
934,480,3347
935,477,3412
936,475,3482
937,474,3427
938,471,3405
939,489,3369
940,500,3264
941,462,3265
942,460,3386
943,475,3399
944,490,3417
945,490,3380
946,487,3383
947,501,3304
948,509,3430
949,469,3363
950,503,3347
951,497,3266
952,468,3421
953,475,3440
954,468,3333
955,464,3464
956,482,3417
957,462,3427
958,472,3298
959,465,3382
960,457,3393
961,480,3365
962,479,3407
963,485,3386
964,488,3390
965,478,3370
966,502,3347
967,494,3354
968,482,3379
969,448,3468
970,488,3319
971,480,3306
972,484,3394
973,479,3236
974,488,3438
975,493,3280
976,482,3309
977,469,3358
978,483,3321
979,455,3348
980,494,3387
981,486,3455
982,496,3416
983,491,3388
984,487,3361
985,493,3362
986,475,3274
987,479,3427
988,467,3325
989,496,3406
990,461,3336
991,485,3436
992,478,3452
993,482,3360
994,478,3403
995,492,3481
996,484,3286
997,485,3311
998,494,3322
999,481,3410
1000,483,3298
1001,469,3255
1002,472,3369
1003,499,3430
1004,469,3401
1005,489,3306
1006,504,3350
1007,473,3432
1008,514,3360
1009,498,3350
1010,497,3407
1011,476,3407
1012,484,3404
1013,462,3356
1014,492,3375
1015,481,3408
1016,490,3457
1017,484,3392
1018,507,3310
1019,486,3347
1020,483,3422
1021,489,3370
1022,474,3416
1023,511,3460
1024,469,3428
1025,510,3357
1026,467,3422
1027,493,3487
1028,464,3335
1029,484,3459
1030,524,3279
1031,483,3395
1032,502,3414
1033,490,3433
1034,492,3358
1035,490,3428
1036,474,3405
1037,501,3377
1038,467,3357
1039,482,3375
1040,482,3342
1041,498,3384
1042,496,3407
1043,477,3337
1044,510,3432
1045,471,3362
1046,496,3351
1047,458,3335
1048,496,3399
1049,471,3423
1050,488,3326
1051,482,3493
1052,502,3464
1053,464,3392
1054,460,3388
1055,464,3427
1056,462,3282
1057,511,3306
1058,486,3398
1059,495,3362
1060,453,3469
1061,502,3329
1062,497,3409
1063,488,3421
1064,471,3385
1065,496,3352
1066,494,3296
1067,492,3367
1068,492,3339
1069,462,3393
1070,465,3334
1071,464,3372
1072,486,3418
1073,475,3257
1074,469,3447
1075,509,3386
1076,474,3398
1077,488,3368
1078,468,3394
1079,504,3445
1080,501,3446
1081,495,3231
1082,482,3310
1083,487,3290
1084,500,3297
1085,500,3476
1086,497,3415
1087,482,3478
1088,508,3248
1089,494,3398
1090,491,3308
1091,485,3366
1092,488,3456
1093,492,3356
1094,475,3312
1095,482,3386
1096,462,3396
1097,504,3378
1098,499,3469
1099,481,3401
1100,480,3442
1101,476,3366
1102,498,3454
1103,482,3323
1104,478,3398
1105,510,3366
1106,472,3406
1107,473,3302
1108,476,3360
1109,492,3414
1110,487,3401
1111,485,3337
1112,487,3461
1113,492,3498
1114,477,3348
1115,511,3348
1116,461,3375
1117,506,3298
1118,490,3517
1119,463,3395
1120,523,3404
1121,481,3342
1122,489,3441
1123,487,3339
1124,502,3429
1125,470,3310
1126,498,3485
1127,496,3387
1128,481,3320
1129,459,3275
1130,480,3445
1131,470,3393
1132,508,3406
1133,491,3436
1134,503,3430
1135,464,3319
1136,481,3333
1137,474,3463
1138,486,3329
1139,482,3396
1140,506,3494
1141,498,3307
1142,495,3293
1143,480,3436
1144,489,3466
1145,460,3423
1146,477,3403
1147,488,3467
1148,482,3337
1149,498,3421
1150,503,3433
1151,490,3436
1152,498,3511
1153,498,3382
1154,496,3425
1155,462,3426
1156,482,3374
1157,499,3406
1158,495,3406
1159,478,3451
1160,480,3505
1161,476,3437
1162,510,3373
1163,498,3397
1164,470,3401
1165,508,3393
1166,493,3405
1167,452,3391
1168,492,3482
1169,468,3411
1170,481,3220
1171,461,3402
1172,493,3344
1173,463,3441
1174,492,3418
1175,482,3331
1176,489,3325
1177,506,3412
1178,488,3362
1179,480,3361
1180,478,3379
1181,508,3444
1182,502,3418
1183,484,3348
1184,488,3448
1185,496,3451
1186,487,3316
1187,479,3391
1188,487,3430
1189,475,3360
1190,465,3382
1191,502,3414
1192,500,3356
1193,485,3493
1194,488,3405
1195,479,3479
1196,477,3377
1197,486,3309
1198,454,3458
1199,493,3268
1200,443,3337
1201,475,3459
1202,486,3319
1203,504,3430
1204,473,3381
1205,494,3373
1206,467,3444
1207,477,3349
1208,475,3425
1209,514,3500
1210,495,3416
1211,491,3394
1212,502,3451
1213,492,3298
1214,476,3416
1215,463,3350
1216,495,3404
1217,472,3455
1218,478,3449
1219,475,3329
1220,465,3397
1221,488,3279
1222,478,3383
1223,468,3266
1224,504,3406
1225,476,3430
1226,493,3384
1227,495,3404
1228,473,3393
1229,477,3394
1230,491,3368
1231,470,3473
1232,487,3425
1233,470,3437
1234,466,3315
1235,472,3350
1236,480,3345
1237,473,3384
1238,490,3381
1239,503,3390
1240,502,3445
1241,483,3348
1242,466,3421
1243,462,3465
1244,460,3414
1245,477,3406
1246,496,3555
1247,477,3429
1248,480,3321
1249,517,3324
1250,492,3410
1251,499,3387
1252,492,3386
1253,493,3387
1254,498,3395
1255,500,3464
1256,470,3478
1257,508,3418
1258,497,3300
1259,493,3389
1260,471,3392
1261,451,3365
1262,484,3331
1263,492,3331
1264,486,3400
1265,495,3467
1266,478,3494
1267,482,3473
1268,510,3451
1269,468,3289
1270,466,3354
1271,476,3401
1272,495,3369
1273,514,3414
1274,499,3361
1275,505,3451
1276,478,3411
1277,473,3343
1278,489,3465
1279,490,3317
1280,476,3438
1281,483,3330
1282,477,3412
1283,496,3370
1284,495,3323
1285,485,3368
1286,496,3389
1287,484,3251
1288,487,3374
1289,504,3330
1290,479,3402
1291,474,3381
1292,478,3381
1293,502,3496
1294,488,3457
1295,483,3403
1296,474,3286
1297,486,3355
1298,484,3236
1299,482,3417
1300,483,3368
1301,476,3453
1302,457,3328
1303,468,3440
1304,488,3387
1305,475,3408
1306,496,3330
1307,470,3468
1308,503,3395
1309,501,3328
1310,496,3324
1311,500,3416
1312,477,3315
1313,510,3403
1314,479,3398
1315,497,3307
1316,471,3314
1317,469,3335
1318,503,3263
1319,482,3335
1320,465,3344
1321,493,3387
1322,507,3417
1323,465,3441
1324,500,3405
1325,478,3265
1326,496,3428
1327,505,3405
1328,470,3455
1329,467,3408
1330,480,3383
1331,471,3346
1332,483,3427
1333,488,3419
1334,461,3311
1335,494,3319
1336,506,3405
1337,489,3369
1338,464,3447
1339,500,3410
1340,451,3397
1341,511,3466
1342,515,3371
1343,487,3377
1344,469,3364
1345,496,3356
1346,474,3439
1347,477,3397
1348,476,3429
1349,501,3387
1350,494,3321
1351,520,3343
1352,494,3391
1353,476,3384
1354,485,3394
1355,469,3386
1356,491,3419
1357,488,3373
1358,484,3385
1359,474,3390
1360,490,3431
1361,486,3457
1362,488,3369
1363,488,3473
1364,501,3407
1365,499,3469
1366,436,3308
1367,472,3436
1368,457,3400
1369,480,3382
1370,471,3441
1371,485,3281
1372,481,3347
1373,445,3419
1374,472,3364
1375,475,3275
1376,480,3405
1377,483,3427
1378,473,3345
1379,463,3385
1380,470,3273
1381,504,3439
1382,501,3353
1383,477,3400
1384,471,3341
1385,502,3279
1386,493,3449
1387,505,3457
1388,489,3419
1389,481,3419
1390,509,3335
1391,468,3424
1392,517,3361
1393,466,3410
1394,497,3467
1395,502,3356
1396,498,3264
1397,471,3403
1398,482,3335
1399,500,3460
1400,475,3353
1401,460,3389
1402,499,3466
1403,484,3552
1404,493,3379
1405,468,3414
1406,495,3371
1407,474,3395
1408,473,3454
1409,473,3344
1410,453,3502
1411,463,3400
1412,493,3427
1413,474,3432
1414,488,3319
1415,510,3329
1416,486,3413
1417,477,3374
1418,482,3384
1419,486,3344
1420,491,3409
1421,478,3381
1422,464,3445
1423,487,3283
1424,486,3272
1425,470,3449
1426,480,3329
1427,501,3266
1428,482,3322
1429,485,3337
1430,489,3411
1431,466,3345
1432,480,3337
1433,489,3336
1434,469,3351
1435,476,3402
1436,499,3396
1437,492,3436
1438,490,3499
1439,500,3368
1440,467,3432
1441,493,3475
1442,498,3308
1443,463,3379
1444,469,3292
1445,469,3392
1446,472,3338
1447,463,3199
1448,459,3465
1449,490,3411
1450,504,3322
1451,491,3380
1452,469,3311
1453,476,3377
1454,483,3415
1455,474,3337
1456,516,3299
1457,515,3414
1458,488,3352
1459,498,3400
1460,493,3227
1461,499,3436
1462,481,3343
1463,508,3323
1464,498,3328
1465,481,3391
1466,488,3433
1467,496,3418
1468,475,3373
1469,481,3345
1470,490,3435
1471,473,3360
1472,483,3335
1473,493,3354
1474,507,3253
1475,510,3302
1476,468,3413
1477,489,3427
1478,472,3443
1479,494,3372
1480,487,3404
1481,475,3388
1482,495,3416
1483,487,3300
1484,500,3470
1485,491,3400
1486,485,3412
1487,513,3601
1488,465,3444
1489,466,3401
1490,476,3339
1491,485,3277
1492,473,3289
1493,460,3386
1494,511,3307
1495,489,3355
1496,476,3420
1497,498,3381
1498,486,3380
1499,483,3412
1500,465,3459
1501,488,3442
1502,489,3372
1503,498,3351
1504,473,3452
1505,471,3330
1506,491,3328
1507,475,3412
1508,485,3341
1509,506,3415
1510,515,3416
1511,453,3353
1512,483,3413
1513,496,3420
1514,469,3452
1515,460,3375
1516,493,3372
1517,495,3399
1518,488,3363
1519,475,3408
1520,509,3370
1521,451,3385
1522,479,3250
1523,456,3473
1524,474,3453
1525,489,3447
1526,493,3330
1527,475,3526
1528,477,3347
1529,501,3365
1530,498,3336
1531,489,3338
1532,487,3351
1533,473,3361
1534,465,3389
1535,469,3439
1536,487,3349
1537,485,3373
1538,496,3410
1539,469,3367
1540,482,3389
1541,481,3294
1542,502,3366
1543,491,3428
1544,463,3496
1545,492,3355
1546,487,3361
1547,495,3326
1548,496,3440
1549,479,3390
1550,468,3450
1551,481,3309
1552,472,3354
1553,469,3362
1554,478,3375
1555,485,3396
1556,485,3349
1557,498,3291
1558,493,3550
1559,483,3343
1560,496,3447
1561,472,3390
1562,498,3341
1563,497,3523
1564,492,3311
1565,504,3391
1566,505,3484
1567,500,3398
1568,491,3346
1569,462,3374
1570,454,3247
1571,490,3383
1572,479,3409
1573,462,3338
1574,460,3413
1575,489,3382
1576,481,3363
1577,495,3401
1578,489,3318
1579,485,3406
1580,482,3525
1581,487,3453
1582,456,3545
1583,456,3298
1584,504,3386
1585,473,3414
1586,467,3426
1587,471,3408
1588,465,3374
1589,487,3428
1590,485,3299
1591,511,3332
1592,484,3343
1593,504,3387
1594,489,3508
1595,475,3343
1596,464,3329
1597,479,3287
1598,479,3347
1599,499,3338
1600,481,3390
1601,485,3353
1602,470,3379
1603,500,3349
1604,484,3379
1605,458,3413
1606,501,3297
1607,480,3326
1608,491,3325
1609,455,3487
1610,493,3447
1611,470,3492
1612,522,3315
1613,480,3329
1614,497,3444
1615,476,3403
1616,483,3356
1617,494,3385
1618,484,3467
1619,476,3344
1620,481,3330
1621,472,3330
1622,498,3460
1623,461,3422
1624,458,3344
1625,479,3439
1626,483,3323
1627,455,3398
1628,487,3337
1629,509,3317
1630,496,3391
1631,492,3314
1632,500,3453
1633,496,3408
1634,485,3393
1635,488,3358
1636,469,3439
1637,482,3354
1638,489,3315
1639,486,3472
1640,470,3379
1641,486,3369
1642,493,3361
1643,473,3381
1644,467,3370
1645,492,3350
1646,481,3335
1647,486,3330
1648,484,3446
1649,462,3388
1650,466,3490
1651,476,3397
1652,472,3315
1653,474,3374
1654,504,3392
1655,482,3418
1656,483,3269
1657,502,3423
1658,459,3452
1659,498,3413
1660,474,3406
1661,468,3361
1662,470,3373
1663,516,3389
1664,475,3341
1665,465,3275
1666,485,3333
1667,484,3297
1668,463,3392
1669,489,3463
1670,486,3440
1671,470,3331
1672,488,3448
1673,479,3418
1674,472,3432
1675,458,3455
1676,492,3293
1677,510,3423
1678,505,3368
1679,448,3436
1680,480,3396
1681,486,3444
1682,515,3420
1683,469,3390
1684,508,3294
1685,479,3309
1686,464,3404
1687,476,3438
1688,493,3291
1689,483,3420
1690,503,3355
1691,469,3461
1692,476,3366
1693,486,3371
1694,489,3298
1695,496,3447
1696,473,3453
1697,469,3390
1698,500,3368
1699,495,3381
1700,486,3396
1701,473,3404
1702,486,3489
1703,497,3375
1704,514,3455
1705,477,3437
1706,495,3402
1707,503,3354
1708,482,3377
1709,468,3428
1710,459,3506
1711,478,3439
1712,499,3416
1713,466,3396
1714,493,3361
1715,468,3311
1716,487,3353
1717,481,3416
1718,487,3361
1719,479,3284
1720,482,3417
1721,494,3413
1722,462,3361
1723,490,3361
1724,458,3341
1725,453,3378
1726,474,3415
1727,491,3446
1728,482,3418
1729,472,3397
1730,477,3448
1731,482,3373
1732,480,3332
1733,480,3355
1734,517,3409
1735,492,3399
1736,503,3349
1737,477,3263
1738,445,3285
1739,512,3308
1740,476,3356
1741,498,3407
1742,510,3354
1743,480,3462
1744,490,3442
1745,489,3335
1746,487,3317
1747,488,3366
1748,503,3484
1749,484,3434
1750,503,3455
1751,507,3381
1752,495,3396
1753,504,3298
1754,487,3278
1755,476,3377
1756,486,3433
1757,486,3288
1758,479,3443
1759,484,3446
1760,489,3365
1761,504,3314
1762,506,3411
1763,482,3424
1764,478,3334
1765,489,3478
1766,490,3441
1767,497,3377
1768,471,3488
1769,472,3372
1770,517,3368
1771,470,3273
1772,484,3386
1773,474,3361
1774,479,3442
1775,478,3335
1776,484,3426
1777,485,3308
1778,487,3343
1779,494,3304
1780,498,3440
1781,510,3459
1782,477,3472
1783,473,3342
1784,483,3360
1785,470,3384
1786,475,3441
1787,471,3469
1788,510,3423
1789,461,3430
1790,458,3231
1791,479,3382
1792,476,3393
1793,483,3313
1794,472,3426
1795,470,3306
1796,481,3439
1797,493,3349
1798,502,3366
1799,473,3380
1800,482,3317
1801,497,3327
1802,473,3374
1803,484,3399
1804,471,3394
1805,464,3395
1806,475,3364
1807,508,3365
1808,473,3413
1809,487,3382
1810,491,3421
1811,493,3423
1812,494,3374
1813,493,3309
1814,519,3415
1815,474,3334
1816,462,3369
1817,460,3429
1818,487,3318
1819,494,3369
1820,489,3399
1821,467,3331
1822,487,3383
1823,510,3433
1824,504,3496
1825,476,3424
1826,497,3339
1827,483,3292
1828,467,3412
1829,494,3311
1830,509,3553
1831,477,3478
1832,486,3367
1833,492,3476
1834,460,3302
1835,498,3314
1836,488,3294
1837,463,3422
1838,467,3427
1839,498,3521
1840,490,3390
1841,485,3382
1842,479,3369
1843,499,3447
1844,475,3341
1845,482,3447
1846,497,3364
1847,474,3290
1848,492,3250
1849,516,3317
1850,477,3330
1851,496,3406
1852,503,3414
1853,463,3369
1854,511,3422
1855,483,3502
1856,480,3333
1857,476,3434
1858,452,3411
1859,484,3419
1860,501,3354
1861,491,3425
1862,483,3376
1863,503,3352
1864,509,3471
1865,497,3415
1866,490,3370
1867,478,3310
1868,474,3323
1869,475,3327
1870,487,3363
1871,500,3324
1872,466,3310
1873,476,3318
1874,462,3340
1875,505,3388
1876,474,3409
1877,483,3382
1878,468,3274
1879,500,3413
1880,484,3427
1881,490,3468
1882,483,3350
1883,468,3363
1884,483,3423
1885,499,3316
1886,496,3298
1887,481,3339
1888,502,3351
1889,499,3333
1890,480,3472
1891,507,3486
1892,478,3429
1893,498,3335
1894,505,3284
1895,470,3359
1896,475,3482
1897,449,3393
1898,493,3369
1899,456,3362
1900,482,3388
1901,459,3337
1902,469,3380
1903,493,3384
1904,492,3321
1905,473,3433
1906,491,3426
1907,478,3434
1908,495,3311
1909,461,3400
1910,471,3301
1911,483,3514
1912,495,3397
1913,499,3450
1914,468,3355
1915,477,3406
1916,465,3408
1917,456,3380
1918,466,3425
1919,448,3344
1920,493,3390
1921,487,3380
1922,491,3265
1923,480,3371
1924,499,3303
1925,490,3358
1926,451,3375
1927,482,3337
1928,488,3326
1929,442,3335
1930,465,3383
1931,481,3379
1932,478,3289
1933,487,3407
1934,468,3303
1935,447,3445
1936,484,3327
1937,459,3394
1938,467,3375
1939,464,3416
1940,487,3464
1941,482,3451
1942,514,3382
1943,459,3348
1944,484,3404
1945,495,3464
1946,496,3408
1947,488,3376
1948,470,3380
1949,488,3404
1950,477,3283
1951,471,3427
1952,462,3359
1953,498,3351
1954,486,3461
1955,471,3320
1956,482,3373
1957,475,3276
1958,496,3345
1959,468,3420
1960,496,3347
1961,501,3384
1962,469,3290
1963,501,3313
1964,474,3386
1965,482,3371
1966,474,3359
1967,498,3314
1968,500,3451
1969,493,3328
1970,464,3351
1971,470,3494
1972,472,3371
1973,498,3399
1974,526,3402
1975,498,3356
1976,506,3315
1977,486,3383
1978,478,3337
1979,484,3355
1980,501,3385
1981,455,3379
1982,484,3360
1983,501,3377
1984,488,3232
1985,485,3319
1986,487,3435
1987,481,3272
1988,487,3325
1989,482,3441
1990,482,3503
1991,488,3290
1992,488,3436
1993,502,3383
1994,487,3461
1995,488,3437
1996,461,3409
1997,468,3325
1998,495,3338
1999,505,3351
2000,480,3371
2001,483,3371
2002,492,3385
2003,516,3321
2004,488,3490
2005,463,3407
2006,476,3283
2007,488,3327
2008,461,3422
2009,509,3279
2010,478,3407
2011,486,3320
2012,489,3436
2013,485,3415
2014,495,3390
2015,481,3407
2016,443,3324
2017,467,3411
2018,466,3415
2019,475,3431
2020,470,3340
2021,505,3363
2022,483,3393
2023,489,3304
2024,475,3422
2025,465,3469
2026,490,3399
2027,476,3281
2028,495,3320
2029,528,3429
2030,493,3372
2031,494,3425
2032,474,3321
2033,487,3293
2034,475,3309
2035,498,3471
2036,531,3396
2037,505,3399
2038,482,3360
2039,481,3367
2040,462,3397
2041,462,3409
2042,496,3324
2043,495,3408
2044,472,3315
2045,485,3289
2046,497,3415
2047,496,3384
2048,475,3281
2049,476,3330
2050,452,3424
2051,456,3479
2052,503,3420
2053,470,3323
2054,498,3407
2055,477,3357
2056,502,3381
2057,476,3293
2058,470,3365
2059,497,3438
2060,473,3403
2061,470,3480
2062,467,3228
2063,462,3318
2064,470,3368
2065,467,3492
2066,492,3401
2067,462,3490
2068,513,3409
2069,506,3543
2070,492,3331
2071,477,3420
2072,485,3368
2073,490,3434
2074,520,3320
2075,464,3278
2076,483,3390
2077,490,3452
2078,476,3304
2079,494,3325
2080,469,3285
2081,477,3444
2082,477,3395
2083,476,3481
2084,498,3270
2085,495,3415
2086,505,3466
2087,501,3406
2088,465,3327
2089,485,3497
2090,495,3377
2091,467,3439
2092,487,3413
2093,503,3381
2094,508,3323
2095,496,3347
2096,492,3433
2097,477,3411
2098,476,3391
2099,487,3412
2100,497,3273
2101,485,3511
2102,474,3326
2103,474,3375
2104,464,3346
2105,480,3407
2106,467,3407
2107,464,3504
2108,462,3421
2109,495,3427
2110,501,3326
2111,502,3453
2112,490,3357
2113,477,3332
2114,502,3339
2115,509,3280
2116,489,3437
2117,498,3253
2118,508,3299
2119,476,3359
2120,495,3413
2121,475,3370
2122,482,3228
2123,474,3368
2124,488,3250
2125,497,3230
2126,492,3360
2127,476,3406
2128,480,3349
2129,492,3421
2130,472,3337
2131,497,3344
2132,483,3346
2133,479,3395
2134,479,3456
2135,496,3418
2136,489,3385
2137,491,3363
2138,507,3337
2139,500,3390
2140,499,3456
2141,473,3328
2142,466,3459
2143,487,3390
2144,487,3430
2145,470,3439
2146,470,3315
2147,489,3304
2148,492,3369
2149,490,3441
2150,482,3423
2151,485,3365
2152,475,3440
2153,483,3332
2154,492,3441
2155,498,3383
2156,521,3524
2157,517,3375
2158,501,3410
2159,479,3419
2160,478,3324
2161,479,3365
2162,484,3359
2163,472,3338
2164,495,3482
2165,476,3402
2166,488,3364
2167,478,3348
2168,493,3365
2169,468,3335
2170,473,3426
2171,485,3317
2172,485,3442
2173,479,3490
2174,494,3375
2175,495,3287
2176,464,3416
2177,468,3308
2178,500,3388
2179,475,3466
2180,471,3440
2181,496,3345
2182,498,3330
2183,491,3474
2184,479,3396
2185,496,3420
2186,467,3341
2187,494,3449
2188,486,3446
2189,491,3346
2190,458,3364
2191,492,3437
2192,482,3349
2193,499,3474
2194,464,3386
2195,480,3329
2196,475,3480
2197,473,3362
2198,470,3352
2199,485,3390
2200,477,3404
2201,467,3384
2202,481,3301
2203,452,3355
2204,494,3375
2205,467,3344
2206,485,3363
2207,479,3359
2208,476,3371
2209,483,3406
2210,460,3515
2211,486,3307
2212,469,3406
2213,494,3439
2214,470,3347
2215,477,3388
2216,488,3518
2217,478,3310
2218,484,3391
2219,502,3361
2220,519,3355
2221,489,3390
2222,501,3454
2223,482,3393
2224,493,3371
2225,481,3367
2226,510,3325
2227,478,3472
2228,504,3369
2229,516,3359
2230,494,3401
2231,480,3316
2232,483,3293
2233,489,3481
2234,465,3261
2235,498,3238
2236,498,3397
2237,501,3428
2238,487,3406
2239,476,3422
2240,474,3357
2241,501,3406
2242,499,3374
2243,456,3531
2244,484,3289
2245,481,3493
2246,483,3298
2247,480,3430
2248,489,3373
2249,475,3383
2250,483,3307
2251,466,3397
2252,471,3414
2253,478,3367
2254,497,3302
2255,505,3401
2256,497,3362
2257,486,3472
2258,446,3317
2259,465,3404
2260,499,3477
2261,487,3434
2262,486,3418
2263,491,3422
2264,510,3345
2265,477,3419
2266,485,3455
2267,479,3400
2268,471,3419
2269,490,3343
2270,483,3235
2271,466,3425
2272,487,3391
2273,500,3499
2274,496,3341
2275,501,3339
2276,499,3420
2277,498,3536
2278,498,3424
2279,487,3473
2280,484,3398
2281,510,3432
2282,476,3381
2283,495,3431
2284,474,3377
2285,496,3420
2286,464,3438
2287,500,3307
2288,485,3415
2289,512,3392
2290,478,3392
2291,498,3397
2292,482,3337
2293,485,3442
2294,487,3464
2295,508,3463
2296,503,3449
2297,482,3371
2298,503,3424
2299,495,3374
2300,478,3392
2301,475,3403
2302,483,3414
2303,506,3373
2304,489,3350
2305,467,3258
2306,460,3488
2307,467,3458
2308,490,3452
2309,500,3367
2310,501,3410
2311,477,3420
2312,474,3391
2313,470,3323
2314,467,3386
2315,465,3338
2316,499,3339
2317,493,3391
2318,483,3338
2319,496,3349
2320,479,3360
2321,502,3454
2322,479,3351
2323,487,3372
2324,501,3458
2325,471,3385
2326,481,3405
2327,483,3367
2328,477,3339
2329,488,3348
2330,488,3293
2331,484,3387
2332,474,3368
2333,503,3406
2334,510,3322
2335,448,3327
2336,473,3337
2337,504,3357
2338,495,3348
2339,474,3429
2340,479,3398
2341,489,3400
2342,492,3292
2343,484,3348
2344,473,3409
2345,487,3475
2346,501,3458
2347,470,3358
2348,480,3431
2349,488,3344
2350,476,3372
2351,494,3340
2352,478,3407
2353,469,3428
2354,460,3322
2355,486,3355
2356,478,3359
2357,495,3458
2358,451,3470
2359,477,3467
2360,493,3316
2361,498,3381
2362,482,3346
2363,461,3348
2364,482,3291
2365,489,3419
2366,476,3471
2367,485,3310
2368,497,3461
2369,476,3434
2370,503,3307
2371,520,3388
2372,465,3295
2373,464,3296
2374,490,3427
2375,491,3464
2376,486,3363
2377,489,3433
2378,495,3324
2379,487,3326
2380,484,3358
2381,488,3347
2382,486,3432
2383,489,3348
2384,488,3286
2385,470,3387
2386,483,3322
2387,480,3412
2388,481,3404
2389,481,3399
2390,468,3465
2391,511,3392
2392,510,3321
2393,484,3378
2394,481,3344
2395,481,3475
2396,470,3388
2397,494,3481
2398,476,3312
2399,511,3515
2400,510,3523
2401,472,3370
2402,486,3305
2403,474,3370
2404,473,3263
2405,501,3360
2406,501,3351
2407,485,3297
2408,481,3348
2409,461,3439
2410,490,3469
2411,474,3358
2412,495,3410
2413,467,3376
2414,490,3442
2415,484,3433
2416,492,3387
2417,496,3373
2418,473,3498
2419,470,3402
2420,461,3364
2421,501,3368
2422,500,3316
2423,503,3384
2424,488,3336
2425,502,3467
2426,503,3480
2427,497,3330
2428,477,3410
2429,490,3425
2430,487,3406
2431,489,3513
2432,512,3468
2433,490,3327
2434,463,3404
2435,476,3312
2436,509,3435
2437,500,3444
2438,474,3279
2439,470,3409
2440,517,3333
2441,495,3326
2442,497,3370
2443,490,3276
2444,459,3393
2445,468,3441
2446,475,3410
2447,471,3345
2448,465,3275
2449,480,3381
2450,477,3366
2451,495,3240
2452,470,3345
2453,485,3527
2454,503,3364
2455,484,3391
2456,480,3341
2457,483,3388
2458,480,3352
2459,478,3397
2460,505,3344
2461,502,3320
2462,482,3456
2463,485,3344
2464,467,3379
2465,488,3444
2466,515,3387
2467,489,3339
2468,470,3310
2469,478,3505
2470,507,3342
2471,477,3352
2472,468,3387
2473,464,3397
2474,482,3404
2475,536,3460
2476,482,3304
2477,503,3432
2478,465,3510
2479,497,3390
2480,496,3398
2481,491,3471
2482,482,3453
2483,487,3276
2484,508,3356
2485,486,3420
2486,473,3398
2487,506,3287
2488,483,3381
2489,509,3392
2490,460,3366
2491,499,3306
2492,479,3288
2493,505,3401
2494,493,3369
2495,480,3442
2496,495,3302
2497,495,3359
2498,491,3376
2499,482,3395
2500,479,3357
2501,481,3307
2502,490,3358
2503,503,3388
2504,498,3359
2505,484,3365
2506,479,3386
2507,494,3326
2508,476,3410
2509,491,3355
2510,486,3395
2511,496,3388
2512,481,3410
2513,489,3349
2514,484,3392
2515,478,3347
2516,507,3390
2517,455,3324
2518,486,3373
2519,496,3450
2520,479,3326
2521,477,3408
2522,480,3465
2523,477,3369
2524,516,3386
2525,495,3373
2526,488,3344
2527,454,3298
2528,471,3310
2529,473,3267
2530,491,3372
2531,483,3390
2532,486,3369
2533,477,3310
2534,463,3369
2535,510,3374
2536,494,3428
2537,500,3403
2538,496,3420
2539,490,3409
2540,456,3468
2541,483,3405
2542,470,3292
2543,499,3459
2544,459,3370
2545,480,3403
2546,506,3478
2547,480,3401
2548,507,3353
2549,475,3376
2550,510,3476
2551,493,3460
2552,507,3405
2553,490,3459
2554,475,3373
2555,473,3479
2556,471,3311
2557,466,3552
2558,490,3410
2559,481,3434
2560,500,3397
2561,449,3370
2562,480,3424
2563,498,3237
2564,473,3395
2565,503,3371
2566,469,3244
2567,488,3329
2568,483,3422
2569,473,3363
2570,495,3419
2571,500,3430
2572,462,3362
2573,483,3408
2574,484,3355
2575,485,3326
2576,471,3443
2577,501,3374
2578,473,3339
2579,507,3395
2580,492,3390
2581,481,3395
2582,512,3385
2583,483,3339
2584,503,3354
2585,495,3378
2586,472,3498
2587,489,3398
2588,456,3380
2589,481,3393
2590,472,3278
2591,472,3442
2592,475,3428
2593,481,3297
2594,475,3423
2595,470,3374
2596,495,3362
2597,466,3337
2598,460,3348
2599,505,3417
2600,459,3307
2601,496,3407
2602,468,3414
2603,490,3388
2604,482,3319
2605,481,3433
2606,508,3319
2607,477,3318
2608,455,3455
2609,458,3347
2610,489,3381
2611,492,3381
2612,487,3401
2613,484,3358
2614,504,3378
2615,500,3395
2616,473,3461
2617,490,3359
2618,492,3362
2619,491,3321
2620,475,3383
2621,477,3296
2622,454,3446
2623,471,3346
2624,485,3419
2625,498,3252
2626,496,3336
2627,455,3429
2628,481,3282
2629,502,3371
2630,466,3336
2631,498,3311
2632,484,3335
2633,494,3427
2634,499,3349
2635,505,3431
2636,489,3377
2637,476,3497
2638,477,3454
2639,472,3372
2640,510,3442
2641,476,3331
2642,490,3344
2643,463,3375
2644,496,3500
2645,482,3331
2646,464,3304
2647,494,3327
2648,477,3468
2649,479,3411
2650,479,3325
2651,498,3345
2652,462,3355
2653,495,3401
2654,485,3527
2655,480,3396
2656,478,3425
2657,498,3499
2658,489,3411
2659,471,3353
2660,476,3292
2661,463,3507
2662,469,3422
2663,477,3377
2664,486,3430
2665,492,3366
2666,473,3308
2667,472,3384
2668,494,3333
2669,528,3305
2670,471,3374
2671,508,3411
2672,483,3291
2673,454,3363
2674,471,3275
2675,482,3483
2676,495,3273
2677,484,3383
2678,482,3380
2679,509,3429
2680,481,3332
2681,485,3204
2682,463,3308
2683,481,3460
2684,494,3346
2685,498,3400
2686,495,3290
2687,490,3389
2688,501,3318
2689,490,3309
2690,500,3389
2691,477,3395
2692,468,3330
2693,479,3306
2694,506,3419
2695,506,3425
2696,475,3348
2697,481,3442
2698,495,3438
2699,495,3423
2700,472,3322
2701,454,3278
2702,497,3382
2703,493,3351
2704,487,3396
2705,482,3364
2706,493,3314
2707,498,3383
2708,462,3273
2709,466,3371
2710,466,3330
2711,502,3444
2712,476,3387
2713,501,3419
2714,489,3335
2715,493,3332
2716,482,3353
2717,492,3349
2718,504,3369
2719,486,3376
2720,477,3446
2721,490,3357
2722,469,3435
2723,478,3349
2724,489,3474
2725,473,3345
2726,477,3323
2727,496,3391
2728,482,3377
2729,474,3370
2730,492,3352
2731,508,3414
2732,500,3307
2733,490,3332
2734,468,3416
2735,497,3431
2736,486,3401
2737,463,3490
2738,454,3218
2739,515,3492
2740,462,3462
2741,471,3395
2742,465,3392
2743,484,3422
2744,480,3372
2745,475,3443
2746,475,3269
2747,499,3359
2748,484,3364
2749,474,3384
2750,484,3290
2751,463,3441
2752,467,3376
2753,484,3338
2754,469,3327
2755,468,3295
2756,502,3386
2757,491,3554
2758,465,3452
2759,468,3421
2760,457,3372
2761,493,3296
2762,474,3363
2763,466,3369
2764,503,3393
2765,491,3426
2766,499,3523
2767,481,3431
2768,485,3270
2769,471,3393
2770,473,3471
2771,502,3465
2772,466,3491
2773,466,3490
2774,475,3473
2775,488,3287
2776,494,3388
2777,487,3392
2778,470,3489
2779,502,3364
2780,481,3369
2781,475,3323
2782,482,3188
2783,493,3328
2784,495,3444
2785,480,3405
2786,509,3539
2787,508,3391
2788,486,3377
2789,481,3441
2790,453,3285
2791,475,3298
2792,498,3473
2793,476,3502
2794,471,3374
2795,494,3337
2796,490,3475
2797,477,3404
2798,506,3317
2799,498,3447
2800,483,3310
2801,511,3412
2802,501,3378
2803,473,3419
2804,487,3372
2805,494,3421
2806,481,3342
2807,467,3461
2808,469,3455
2809,475,3526
2810,477,3274
2811,479,3391
2812,488,3376
2813,450,3413
2814,470,3375
2815,479,3352
2816,480,3323
2817,527,3448
2818,503,3330
2819,496,3338
2820,484,3452
2821,509,3408
2822,478,3402
2823,482,3455
2824,508,3359
2825,502,3427
2826,493,3306
2827,474,3364
2828,500,3478
2829,501,3364
2830,501,3385
2831,485,3305
2832,505,3359
2833,473,3363
2834,463,3322
2835,486,3407
2836,475,3400
2837,460,3323
2838,484,3326
2839,467,3372
2840,503,3308
2841,494,3378
2842,473,3450
2843,497,3372
2844,478,3443
2845,486,3381
2846,489,3324
2847,477,3402
2848,480,3482
2849,499,3481
2850,476,3302
2851,470,3497
2852,471,3362
2853,471,3365
2854,506,3346
2855,475,3455
2856,507,3407
2857,483,3368
2858,484,3388
2859,486,3384
2860,470,3405
2861,495,3355
2862,495,3417
2863,475,3416
2864,479,3298
2865,469,3299
2866,485,3360
2867,494,3399
2868,465,3364
2869,484,3355
2870,497,3383
2871,457,3368
2872,474,3516
2873,476,3321
2874,486,3390
2875,486,3436
2876,503,3349
2877,455,3305
2878,490,3406
2879,507,3452
2880,494,3384
2881,494,3341
2882,471,3331
2883,435,3411
2884,505,3400
2885,490,3446
2886,484,3423
2887,487,3460
2888,489,3376
2889,474,3382
2890,479,3354
2891,473,3434
2892,474,3375
2893,514,3359
2894,483,3490
2895,486,3512
2896,490,3328
2897,493,3410
2898,503,3324
2899,468,3398
2900,495,3345
2901,467,3458
2902,463,3401
2903,502,3344
2904,481,3311
2905,470,3258
2906,492,3382
2907,472,3279
2908,482,3501
2909,483,3411
2910,478,3449
2911,481,3410
2912,480,3258
2913,469,3407
2914,487,3348
2915,510,3420
2916,501,3376
2917,496,3341
2918,492,3364
2919,479,3381
2920,447,3328
2921,488,3384
2922,471,3461
2923,478,3422
2924,482,3430
2925,486,3447
2926,472,3322
2927,485,3297
2928,495,3331
2929,478,3324
2930,500,3340
2931,483,3339
2932,477,3321
2933,480,3288
2934,497,3356
2935,508,3410
2936,483,3410
2937,472,3438
2938,476,3310
2939,478,3426
2940,497,3442
2941,475,3298
2942,468,3403
2943,492,3418
2944,494,3393
2945,492,3414
2946,499,3581
2947,493,3386
2948,474,3279
2949,522,3355
2950,470,3426
2951,492,3360
2952,466,3345
2953,482,3448
2954,489,3362
2955,506,3381
2956,489,3472
2957,495,3343
2958,499,3412
2959,496,3411
2960,477,3375
2961,493,3425
2962,470,3467
2963,452,3417
2964,499,3438
2965,489,3345
2966,463,3278
2967,488,3377
2968,493,3312
2969,475,3376
2970,488,3327
2971,471,3370
2972,509,3369
2973,475,3373
2974,514,3464
2975,473,3423
2976,486,3395
2977,470,3366
2978,467,3418
2979,476,3436
2980,451,3323
2981,476,3329
2982,475,3404
2983,472,3458
2984,468,3340
2985,486,3435
2986,480,3388
2987,493,3318
2988,462,3332
2989,481,3455
2990,490,3482
2991,486,3487
2992,486,3417
2993,532,3421
2994,482,3379
2995,467,3323
2996,499,3400
2997,486,3416
2998,489,3419
2999,501,3362
3000,480,3430
3001,470,3452
3002,487,3419
3003,497,3467
3004,491,3390
3005,485,3458
3006,481,3471
3007,474,3441
3008,489,3337
3009,479,3460
3010,461,3410
3011,491,3394
3012,494,3364
3013,493,3407
3014,468,3430
3015,517,3365
3016,471,3449
3017,484,3356
3018,477,3314
3019,510,3443
3020,479,3280
3021,469,3308
3022,473,3408
3023,501,3444
3024,473,3347
3025,484,3317
3026,486,3294
3027,482,3427
3028,514,3300
3029,472,3375
3030,495,3381
3031,497,3258
3032,483,3329
3033,470,3357
3034,503,3358
3035,494,3406
3036,460,3319
3037,500,3350
3038,485,3422
3039,484,3395
3040,485,3424
3041,510,3446
3042,489,3363
3043,503,3333
3044,472,3350
3045,486,3392
3046,466,3472
3047,511,3376
3048,524,3376
3049,470,3341
3050,453,3275
3051,472,3310
3052,481,3393
3053,499,3388
3054,470,3377
3055,495,3376
3056,498,3432
3057,460,3422
3058,488,3439
3059,484,3415
3060,498,3380
3061,479,3338
3062,486,3437
3063,482,3368
3064,475,3316
3065,474,3465
3066,485,3369
3067,496,3390
3068,484,3488
3069,469,3368
3070,484,3336
3071,493,3342
3072,457,3236
3073,472,3409
3074,455,3405
3075,482,3336
3076,501,3401
3077,497,3398
3078,468,3328
3079,499,3364
3080,495,3439
3081,495,3357
3082,489,3444
3083,494,3432
3084,476,3384
3085,486,3449
3086,484,3327
3087,469,3428
3088,483,3412
3089,480,3420
3090,532,3484
3091,485,3346
3092,497,3392
3093,463,3375
3094,484,3355
3095,480,3355
3096,473,3401
3097,473,3338
3098,483,3336
3099,485,3398
3100,489,3396
3101,461,3395
3102,504,3368
3103,499,3319
3104,470,3302
3105,504,3340
3106,502,3363
3107,471,3457
3108,493,3404
3109,480,3347
3110,481,3340
3111,504,3345
3112,491,3450
3113,518,3314
3114,473,3413
3115,479,3442
3116,497,3448
3117,490,3423
3118,458,3491
3119,524,3272
3120,473,3427
3121,488,3368
3122,477,3370
3123,474,3388
3124,483,3344
3125,486,3341
3126,485,3444
3127,490,3314
3128,500,3339
3129,484,3391
3130,478,3263
3131,479,3381
3132,489,3374
3133,490,3414
3134,504,3408
3135,466,3323
3136,466,3400
3137,491,3470
3138,486,3456
3139,492,3398
3140,451,3458
3141,465,3301
3142,503,3294
3143,496,3338
3144,469,3412
3145,473,3355
3146,482,3459
3147,477,3395
3148,471,3356
3149,453,3312
3150,453,3413
3151,463,3397
3152,457,3364
3153,488,3360
3154,465,3317
3155,483,3469
3156,500,3310
3157,499,3349
3158,474,3407
3159,470,3326
3160,454,3393
3161,470,3413
3162,491,3437
3163,493,3353
3164,494,3250
3165,484,3367
3166,496,3369
3167,491,3417
3168,483,3264
3169,466,3374
3170,478,3432
3171,474,3281
3172,465,3427
3173,482,3308
3174,501,3375
3175,494,3405
3176,465,3393
3177,507,3388
3178,474,3381
3179,469,3321
3180,492,3282
3181,531,3402
3182,482,3311
3183,460,3343
3184,500,3401
3185,471,3350
3186,483,3315
3187,491,3314
3188,486,3451
3189,461,3467
3190,471,3404
3191,503,3420
3192,485,3423
3193,467,3416
3194,506,3394
3195,484,3345
3196,477,3426
3197,487,3347
3198,508,3359
3199,500,3435
3200,469,3337
3201,505,3398
3202,480,3354
3203,490,3437
3204,466,3261
3205,503,3367
3206,496,3401
3207,478,3369
3208,480,3449
3209,486,3389
3210,487,3375
3211,487,3502
3212,488,3363
3213,507,3389
3214,483,3276
3215,514,3492
3216,481,3416
3217,480,3346
3218,478,3410
3219,483,3394
3220,491,3386
3221,477,3330
3222,480,3247
3223,485,3330
3224,497,3436
3225,473,3292
3226,480,3376
3227,476,3317
3228,482,3367
3229,482,3279
3230,495,3406
3231,500,3396
3232,488,3414
3233,467,3315
3234,512,3318
3235,496,3350
3236,471,3446
3237,486,3400
3238,469,3440
3239,455,3452
3240,473,3377
3241,461,3244
3242,467,3354
3243,479,3417
3244,472,3245
3245,483,3478
3246,505,3365
3247,483,3398
3248,477,3394
3249,478,3301
3250,509,3384
3251,481,3341
3252,491,3359
3253,491,3361
3254,467,3334
3255,484,3410
3256,463,3298
3257,491,3378
3258,487,3403
3259,485,3381
3260,473,3417
3261,477,3530
3262,494,3390
3263,486,3316
3264,488,3414
3265,487,3484
3266,481,3476
3267,451,3377
3268,479,3386
3269,483,3423
3270,504,3358
3271,500,3401
3272,495,3391
3273,482,3315
3274,487,3318
3275,473,3333
3276,486,3346
3277,509,3420
3278,477,3399
3279,470,3357
3280,493,3356
3281,479,3415
3282,489,3429
3283,484,3323
3284,494,3422
3285,474,3426
3286,481,3352
3287,486,3361
3288,482,3374
3289,493,3436
3290,503,3445
3291,477,3427
3292,472,3293
3293,482,3376
3294,478,3361
3295,473,3519
3296,495,3471
3297,487,3418
3298,501,3422
3299,464,3444
3300,497,3370
3301,473,3367
3302,503,3434
3303,483,3448
3304,473,3470
3305,494,3348
3306,480,3321
3307,466,3336
3308,473,3396
3309,472,3369
3310,509,3333
3311,467,3443
3312,465,3444
3313,478,3386
3314,486,3351
3315,496,3421
3316,489,3354
3317,488,3273
3318,502,3421
3319,468,3342
3320,481,3370
3321,482,3423
3322,481,3304
3323,483,3521
3324,469,3340
3325,476,3404
3326,485,3372
3327,478,3476
3328,505,3437
3329,499,3338
3330,509,3399
3331,487,3419
3332,473,3325
3333,492,3403
3334,489,3453
3335,509,3362
3336,493,3309
3337,481,3509
3338,508,3410
3339,491,3353
3340,457,3331
3341,465,3428
3342,504,3503
3343,473,3362
3344,468,3412
3345,479,3405
3346,480,3397
3347,485,3300
3348,458,3363
3349,458,3299
3350,505,3385
3351,503,3462
3352,458,3328
3353,466,3398
3354,490,3367
3355,482,3375
3356,502,3356
3357,503,3229
3358,506,3457
3359,498,3325
3360,475,3322
3361,492,3392
3362,483,3407
3363,511,3373
3364,466,3327
3365,480,3406
3366,459,3429
3367,488,3459
3368,479,3463
3369,496,3375
3370,515,3461
3371,496,3329
3372,486,3437
3373,485,3393
3374,488,3348
3375,489,3422
3376,489,3393
3377,480,3376
3378,475,3329
3379,509,3425
3380,473,3454
3381,459,3332
3382,476,3420
3383,482,3342
3384,461,3446
3385,509,3409
3386,475,3290
3387,484,3387
3388,472,3378
3389,485,3309
3390,501,3520
3391,473,3442
3392,480,3350
3393,477,3383
3394,494,3346
3395,465,3357
3396,473,3285
3397,484,3279
3398,463,3423
3399,497,3370
3400,472,3286
3401,471,3434
3402,497,3376
3403,480,3298
3404,479,3446
3405,491,3349
3406,467,3379
3407,458,3359
3408,500,3306
3409,487,3344
3410,474,3381
3411,478,3356
3412,487,3372
3413,478,3606
3414,510,3326
3415,499,3365
3416,463,3482
3417,453,3369
3418,504,3360
3419,491,3359
3420,473,3440
3421,467,3362
3422,459,3423
3423,475,3397
3424,507,3373
3425,492,3282
3426,492,3444
3427,487,3249
3428,477,3410
3429,475,3383
3430,474,3390
3431,465,3443
3432,490,3414
3433,482,3423
3434,495,3276
3435,480,3365
3436,477,3391
3437,484,3340
3438,500,3278
3439,467,3399
3440,487,3436
3441,486,3272
3442,461,3330
3443,469,3414
3444,497,3511
3445,500,3242
3446,493,3308
3447,489,3513
3448,463,3289
3449,498,3419
3450,500,3368
3451,463,3408
3452,475,3280
3453,475,3366
3454,482,3350
3455,479,3356
3456,499,3369
3457,493,3360
3458,489,3277
3459,473,3320
3460,453,3336
3461,475,3418
3462,471,3305
3463,463,3353
3464,491,3391
3465,468,3375
3466,484,3324
3467,473,3333
3468,476,3416
3469,495,3411
3470,508,3423
3471,485,3439
3472,479,3449
3473,505,3387
3474,483,3430
3475,507,3370
3476,492,3458
3477,468,3474
3478,478,3423
3479,454,3428
3480,461,3440
3481,482,3472
3482,493,3391
3483,483,3357
3484,464,3298
3485,470,3333
3486,484,3383
3487,489,3412
3488,480,3300
3489,491,3481
3490,438,3409
3491,492,3385
3492,454,3309
3493,484,3412
3494,482,3303
3495,482,3307
3496,469,3293
3497,474,3295
3498,494,3393
3499,481,3331
3500,476,3433
3501,471,3403
3502,467,3324
3503,453,3265
3504,482,3427
3505,511,3347
3506,500,3391
3507,490,3327
3508,490,3316
3509,486,3416
3510,484,3408
3511,484,3347
3512,490,3510
3513,498,3358
3514,472,3456
3515,468,3441
3516,486,3322
3517,524,3431
3518,484,3417
3519,485,3335
3520,473,3454
3521,485,3437
3522,463,3400
3523,470,3379
3524,475,3387
3525,480,3337
3526,500,3444
3527,478,3323
3528,515,3380
3529,474,3549
3530,499,3245
3531,462,3434
3532,461,3413
3533,498,3348
3534,475,3440
3535,464,3354
3536,493,3495
3537,469,3393
3538,472,3370
3539,488,3400
3540,492,3407
3541,485,3246
3542,497,3421
3543,481,3467
3544,495,3413
3545,470,3416
3546,486,3383
3547,473,3320
3548,442,3362
3549,474,3440
3550,486,3346
3551,473,3369
3552,497,3299
3553,473,3402
3554,467,3437
3555,509,3342
3556,485,3362
3557,484,3304
3558,475,3408
3559,511,3366
3560,482,3409
3561,505,3391
3562,474,3477
3563,485,3381
3564,456,3354
3565,492,3410
3566,480,3381
3567,453,3296
3568,478,3423
3569,488,3343
3570,466,3318
3571,491,3412
3572,475,3351
3573,480,3338
3574,475,3400
3575,490,3401
3576,493,3356
3577,476,3418
3578,472,3343
3579,507,3352
3580,478,3327
3581,507,3425
3582,465,3369
3583,478,3402
3584,502,3342
3585,513,3394
3586,498,3381
3587,474,3405
3588,477,3468
3589,484,3365
3590,480,3365
3591,471,3307
3592,488,3486
3593,494,3322
3594,469,3321
3595,469,3435
3596,492,3364
3597,483,3360
3598,470,3340
3599,480,3341
3600,480,3370
3601,474,3421
3602,470,3477
3603,492,3255
3604,480,3405
3605,487,3367
3606,484,3546
3607,477,3354
3608,479,3432
3609,484,3374
3610,529,3402
3611,456,3301
3612,474,3274
3613,478,3321
3614,497,3384
3615,485,3435
3616,474,3421
3617,470,3342
3618,474,3349
3619,516,3310
3620,490,3313
3621,499,3404
3622,495,3275
3623,481,3453
3624,500,3294
3625,484,3344
3626,479,3322
3627,467,3390
3628,494,3434
3629,460,3495
3630,480,3339
3631,476,3315
3632,486,3380
3633,509,3544
3634,475,3381
3635,505,3388
3636,478,3389
3637,481,3468
3638,483,3410
3639,509,3437
3640,486,3445
3641,494,3354
3642,477,3432
3643,487,3358
3644,478,3443
3645,474,3396
3646,526,3438
3647,479,3317
3648,474,3248
3649,485,3335
3650,489,3379
3651,488,3412
3652,467,3367
3653,471,3316
3654,494,3412
3655,484,3405
3656,488,3416
3657,457,3303
3658,455,3274
3659,468,3317
3660,488,3358
3661,476,3436
3662,493,3374
3663,493,3403
3664,498,3412
3665,481,3402
3666,461,3415
3667,481,3366
3668,485,3436
3669,514,3389
3670,478,3406
3671,467,3355
3672,505,3364
3673,499,3323
3674,492,3409
3675,456,3425
3676,466,3402
3677,484,3371
3678,480,3460
3679,489,3401
3680,482,3388
3681,496,3361
3682,499,3550
3683,473,3341
3684,498,3470
3685,488,3352
3686,481,3464
3687,477,3448
3688,466,3339
3689,504,3353
3690,456,3429
3691,477,3437
3692,465,3391
3693,483,3370
3694,484,3388
3695,497,3410
3696,487,3364
3697,508,3316
3698,497,3459
3699,481,3419
3700,488,3304
3701,487,3362
3702,451,3392
3703,481,3315
3704,468,3395
3705,482,3338
3706,445,3302
3707,503,3439
3708,484,3335
3709,483,3382
3710,477,3368
3711,459,3368
3712,499,3424
3713,488,3404
3714,490,3469
3715,488,3370
3716,480,3476
3717,509,3397
3718,484,3344
3719,504,3373
3720,469,3314
3721,473,3479
3722,482,3407
3723,496,3454
3724,464,3414
3725,476,3450
3726,493,3475
3727,473,3271
3728,482,3238
3729,462,3275
3730,464,3430
3731,465,3305
3732,477,3410
3733,463,3305
3734,463,3474
3735,485,3369
3736,502,3443
3737,501,3385
3738,478,3331
3739,494,3335
3740,470,3508
3741,509,3377
3742,471,3399
3743,490,3446
3744,508,3437
3745,493,3324
3746,500,3449
3747,477,3312
3748,454,3389
3749,468,3381
3750,475,3351
3751,463,3379
3752,492,3370
3753,483,3410
3754,482,3316
3755,481,3398
3756,488,3371
3757,489,3452
3758,464,3368
3759,462,3364
3760,514,3307
3761,479,3316
3762,493,3371
3763,480,3389
3764,492,3366
3765,475,3400
3766,485,3355
3767,501,3325
3768,513,3523
3769,479,3452
3770,491,3456
3771,496,3376
3772,464,3480
3773,482,3394
3774,467,3336
3775,499,3399
3776,480,3449
3777,507,3362
3778,464,3351
3779,465,3372
3780,495,3333
3781,477,3461
3782,497,3350
3783,518,3345
3784,473,3382
3785,459,3354
3786,480,3286
3787,506,3555
3788,481,3509
3789,507,3336
3790,504,3331
3791,478,3326
3792,496,3385
3793,485,3369
3794,498,3417
3795,530,3451
3796,496,3360
3797,454,3347
3798,496,3394
3799,477,3531
3800,483,3414
3801,490,3443
3802,502,3369
3803,485,3483
3804,470,3513
3805,482,3420
3806,460,3342
3807,469,3417
3808,476,3367
3809,507,3338
3810,490,3404
3811,491,3343
3812,480,3409
3813,470,3363
3814,464,3349
3815,498,3432
3816,483,3253
3817,498,3392
3818,485,3266
3819,502,3330
3820,488,3409
3821,470,3463
3822,489,3407
3823,479,3317
3824,481,3245
3825,444,3443
3826,492,3316
3827,512,3342
3828,483,3558
3829,463,3329
3830,477,3435
3831,475,3429
3832,485,3427
3833,451,3476
3834,483,3377
3835,484,3416
3836,494,3433
3837,499,3431
3838,493,3410
3839,464,3369
3840,486,3440
3841,512,3379
3842,496,3424
3843,470,3275
3844,470,3425
3845,496,3393
3846,470,3414
3847,472,3338
3848,494,3504
3849,459,3377
3850,501,3331
3851,469,3415
3852,508,3376
3853,495,3436
3854,475,3354
3855,472,3429
3856,448,3359
3857,503,3380
3858,508,3339
3859,495,3339
3860,488,3388
3861,493,3361
3862,510,3345
3863,438,3350
3864,463,3355
3865,467,3384
3866,490,3359
3867,483,3316
3868,467,3429
3869,486,3444
3870,502,3509
3871,471,3409
3872,500,3380
3873,499,3443
3874,481,3328
3875,489,3434
3876,493,3280
3877,481,3448
3878,494,3461
3879,489,3394
3880,480,3353
3881,471,3406
3882,456,3245
3883,473,3406
3884,513,3418
3885,489,3414
3886,487,3466
3887,487,3367
3888,502,3417
3889,500,3336
3890,486,3404
3891,497,3333
3892,481,3314
3893,492,3370
3894,470,3340
3895,449,3381
3896,482,3407
3897,466,3442
3898,480,3427
3899,494,3368
3900,513,3499
3901,498,3405
3902,472,3439
3903,493,3441
3904,478,3322
3905,462,3394
3906,475,3387
3907,483,3458
3908,498,3305
3909,478,3337
3910,502,3286
3911,490,3423
3912,491,3310
3913,483,3305
3914,467,3374
3915,483,3400
3916,484,3489
3917,498,3376
3918,476,3369
3919,502,3508
3920,490,3356
3921,465,3336
3922,458,3278
3923,508,3509
3924,477,3377
3925,500,3355
3926,482,3284
3927,482,3370
3928,472,3500
3929,509,3379
3930,492,3466
3931,474,3444
3932,481,3368
3933,504,3394
3934,467,3370
3935,494,3409
3936,475,3354
3937,465,3431
3938,457,3387
3939,490,3315
3940,466,3365
3941,504,3339
3942,483,3345
3943,494,3423
3944,500,3359
3945,461,3379
3946,473,3429
3947,490,3342
3948,476,3350
3949,487,3337
3950,493,3316
3951,503,3349
3952,484,3370
3953,490,3294
3954,465,3402
3955,462,3227
3956,490,3255
3957,487,3257
3958,458,3267
3959,469,3293
3960,509,3366
3961,457,3259
3962,484,3484
3963,489,3321
3964,480,3344
3965,503,3428
3966,460,3412
3967,482,3346
3968,471,3415
3969,498,3437
3970,486,3371
3971,502,3287
3972,468,3321
3973,462,3419
3974,485,3434
3975,498,3304
3976,503,3431
3977,466,3383
3978,499,3445
3979,483,3355
3980,505,3422
3981,506,3386
3982,514,3426
3983,493,3377
3984,486,3301
3985,464,3309
3986,487,3353
3987,504,3468
3988,482,3454
3989,486,3337
3990,481,3294
3991,481,3400
3992,468,3390
3993,482,3397
3994,482,3464
3995,469,3422
3996,465,3438
3997,483,3378
3998,460,3474
3999,484,3470
4000,481,3363
4001,475,3325
4002,494,3339
4003,460,3352
4004,500,3350
4005,480,3354
4006,466,3420
4007,485,3366
4008,504,3367
4009,489,3411
4010,480,3359
4011,503,3343
4012,473,3335
4013,487,3466
4014,459,3506
4015,469,3471
4016,487,3360
4017,476,3404
4018,487,3340
4019,465,3431
4020,459,3391
4021,490,3429
4022,485,3409
4023,475,3290
4024,491,3380
4025,496,3343
4026,491,3367
4027,474,3442
4028,500,3385
4029,487,3386
4030,517,3362
4031,517,3374
4032,482,3474
4033,481,3354
4034,515,3324
4035,485,3413
4036,458,3454
4037,485,3375
4038,495,3440
4039,451,3474
4040,491,3292
4041,504,3392
4042,473,3368
4043,469,3369
4044,490,3323
4045,490,3377
4046,487,3495
4047,505,3400
4048,504,3398
4049,497,3308
4050,467,3430
4051,486,3254
4052,484,3280
4053,484,3346
4054,485,3407
4055,482,3385
4056,479,3315
4057,496,3336
4058,489,3393
4059,495,3421
4060,473,3365
4061,475,3524
4062,484,3324
4063,490,3446
4064,467,3432
4065,503,3411
4066,465,3410
4067,476,3332
4068,486,3421
4069,489,3378
4070,471,3463
4071,484,3313
4072,479,3354
4073,480,3481
4074,481,3397
4075,498,3331
4076,495,3392
4077,485,3424
4078,477,3285
4079,486,3363
4080,480,3355
4081,474,3489
4082,510,3461
4083,485,3344
4084,486,3430
4085,462,3305
4086,491,3441
4087,490,3353
4088,491,3318
4089,476,3317
4090,478,3292
4091,468,3451
4092,511,3387
4093,473,3395
4094,490,3505
4095,451,3497
4096,485,3450
4097,479,3396
4098,480,3324
4099,488,3328
4100,482,3313
4101,474,3452
4102,470,3318
4103,490,3460
4104,497,3348
4105,489,3413
4106,490,3366
4107,483,3415
4108,486,3381
4109,500,3453
4110,474,3316
4111,470,3330
4112,485,3429
4113,496,3349
4114,482,3423
4115,522,3315
4116,466,3411
4117,485,3408
4118,452,3357
4119,476,3413
4120,497,3562
4121,478,3382
4122,487,3404
4123,475,3458
4124,508,3362
4125,475,3329
4126,474,3410
4127,477,3377
4128,485,3374
4129,492,3418
4130,476,3373
4131,472,3264
4132,487,3441
4133,508,3369
4134,487,3314
4135,508,3368
4136,485,3558
4137,457,3337
4138,507,3449
4139,479,3447
4140,517,3480
4141,460,3252
4142,469,3441
4143,494,3414
4144,500,3352
4145,509,3366
4146,508,3323
4147,486,3337
4148,506,3405
4149,497,3406
4150,469,3449
4151,486,3455
4152,495,3444
4153,507,3357
4154,485,3378
4155,496,3385
4156,486,3471
4157,505,3385
4158,503,3361
4159,492,3369
4160,476,3389
4161,486,3353
4162,514,3366
4163,480,3334
4164,493,3300
4165,479,3427
4166,515,3356
4167,488,3393
4168,482,3316
4169,474,3350
4170,486,3357
4171,498,3408
4172,463,3340
4173,480,3348
4174,481,3377
4175,484,3424
4176,489,3384
4177,479,3412
4178,487,3465
4179,470,3412
4180,484,3433
4181,465,3476
4182,493,3327
4183,470,3496
4184,485,3341
4185,484,3386
4186,488,3438
4187,472,3489
4188,487,3366
4189,510,3387
4190,507,3300
4191,478,3373
4192,473,3359
4193,480,3432
4194,498,3412
4195,469,3389
4196,469,3366
4197,449,3394
4198,489,3363
4199,498,3372
4200,473,3236
4201,494,3374
4202,454,3391
4203,474,3379
4204,464,3367
4205,450,3394
4206,509,3440
4207,463,3378
4208,501,3424
4209,479,3385
4210,469,3384
4211,468,3447
4212,476,3324
4213,463,3340
4214,464,3386
4215,471,3416
4216,498,3450
4217,479,3498
4218,485,3417
4219,508,3446
4220,493,3303
4221,464,3338
4222,478,3403
4223,493,3294
4224,481,3460
4225,495,3406
4226,479,3365
4227,488,3408
4228,504,3439
4229,486,3333
4230,488,3438
4231,494,3372
4232,466,3463
4233,480,3394
4234,452,3374
4235,437,3242
4236,472,3446
4237,487,3372
4238,461,3376
4239,478,3350
4240,507,3451
4241,522,3347
4242,481,3458
4243,468,3344
4244,487,3435
4245,465,3248
4246,468,3365
4247,502,3351
4248,463,3521
4249,486,3343
4250,480,3332
4251,497,3437
4252,497,3493
4253,482,3421
4254,505,3380
4255,480,3425
4256,477,3310
4257,470,3396
4258,466,3360
4259,472,3425
4260,490,3455
4261,483,3345
4262,486,3371
4263,475,3348
4264,461,3383
4265,486,3357
4266,450,3402
4267,476,3364
4268,477,3349
4269,506,3397
4270,506,3384
4271,496,3393
4272,471,3381
4273,483,3382
4274,486,3252
4275,499,3456
4276,474,3380
4277,463,3394
4278,498,3344
4279,473,3367
4280,492,3239
4281,483,3325
4282,492,3312
4283,484,3334
4284,482,3293
4285,476,3297
4286,498,3381
4287,480,3320
4288,495,3374
4289,495,3402
4290,490,3419
4291,445,3420
4292,503,3382
4293,463,3411
4294,492,3364
4295,483,3411
4296,487,3395
4297,487,3373
4298,478,3394
4299,465,3376
4300,480,3344
4301,497,3376
4302,508,3485
4303,516,3416
4304,492,3433
4305,484,3269
4306,474,3416
4307,479,3400
4308,467,3425
4309,472,3389
4310,463,3387
4311,472,3338
4312,488,3354
4313,488,3382
4314,491,3317
4315,482,3395
4316,478,3287
4317,489,3387
4318,475,3424
4319,494,3455
4320,459,3308
4321,449,3391
4322,463,3356
4323,479,3355
4324,477,3356
4325,481,3414
4326,513,3433
4327,459,3409
4328,501,3362
4329,463,3377
4330,478,3450
4331,477,3292
4332,486,3409
4333,465,3337
4334,493,3414
4335,497,3319
4336,455,3514
4337,493,3466
4338,472,3366
4339,481,3282
4340,479,3492
4341,508,3324
4342,479,3275
4343,498,3415
4344,470,3414
4345,492,3315
4346,494,3410
4347,472,3379
4348,490,3346
4349,470,3237
4350,489,3444
4351,490,3371
4352,485,3434
4353,476,3408
4354,482,3438
4355,489,3334
4356,494,3376
4357,487,3356
4358,484,3467
4359,493,3310
4360,477,3429
4361,497,3343
4362,476,3329
4363,465,3356
4364,456,3499
4365,506,3395
4366,488,3424
4367,469,3346
4368,469,3340
4369,482,3446
4370,479,3433
4371,510,3435
4372,492,3450
4373,488,3369
4374,481,3279
4375,468,3367
4376,496,3334
4377,493,3313
4378,497,3334
4379,485,3345
4380,488,3353
4381,467,3474
4382,465,3532
4383,470,3330
4384,458,3396
4385,489,3368
4386,495,3365
4387,484,3365
4388,488,3389
4389,490,3415
4390,476,3398
4391,488,3329
4392,499,3408
4393,476,3378
4394,466,3290
4395,480,3383
4396,499,3404
4397,485,3395
4398,489,3394
4399,489,3352
4400,491,3282
4401,500,3399
4402,483,3479
4403,468,3434
4404,463,3404
4405,489,3389
4406,472,3360
4407,499,3366
4408,476,3381
4409,485,3421
4410,489,3326
4411,492,3365
4412,488,3378
4413,486,3342
4414,488,3364
4415,495,3271
4416,481,3449
4417,489,3483
4418,486,3353
4419,472,3365
4420,495,3354
4421,502,3332
4422,486,3454
4423,467,3383
4424,464,3381
4425,482,3409
4426,449,3459
4427,478,3291
4428,493,3362
4429,474,3284
4430,486,3437
4431,482,3366
4432,460,3387
4433,499,3298
4434,493,3266
4435,523,3283
4436,499,3447
4437,496,3338
4438,480,3258
4439,488,3426
4440,472,3346
4441,461,3416
4442,465,3289
4443,504,3439
4444,494,3350
4445,482,3406
4446,483,3382
4447,484,3345
4448,465,3400
4449,480,3408
4450,494,3461
4451,486,3350
4452,466,3443
4453,491,3374
4454,508,3447
4455,474,3299
4456,502,3428
4457,487,3414
4458,490,3332
4459,498,3328
4460,485,3313
4461,477,3348
4462,472,3376
4463,468,3407
4464,483,3344
4465,496,3317
4466,458,3357
4467,474,3338
4468,466,3312
4469,471,3474
4470,494,3504
4471,469,3329
4472,473,3388
4473,454,3404
4474,494,3428
4475,472,3427
4476,503,3409
4477,497,3332
4478,478,3389
4479,475,3342
4480,485,3365
4481,488,3379
4482,500,3406
4483,481,3345
4484,497,3374
4485,465,3414
4486,490,3399
4487,464,3370
4488,477,3351
4489,482,3354
4490,489,3435
4491,471,3429
4492,480,3376
4493,465,3311
4494,477,3425
4495,508,3365
4496,477,3416
4497,487,3415
4498,513,3334
4499,494,3399
4500,484,3379
4501,472,3457
4502,491,3404
4503,503,3377
4504,497,3387
4505,496,3416
4506,474,3475
4507,490,3352
4508,500,3431
4509,500,3336
4510,484,3386
4511,470,3275
4512,500,3460
4513,487,3415
4514,503,3510
4515,500,3383
4516,464,3295
4517,499,3396
4518,488,3377
4519,479,3439
4520,490,3391
4521,466,3442
4522,512,3385
4523,483,3353
4524,507,3363
4525,476,3402
4526,500,3235
4527,481,3409
4528,495,3353
4529,467,3487
4530,493,3365
4531,473,3548
4532,482,3497
4533,479,3368
4534,502,3385
4535,495,3314
4536,463,3418
4537,492,3435
4538,466,3386
4539,475,3381
4540,488,3284
4541,486,3337
4542,470,3379
4543,486,3444
4544,497,3412
4545,479,3340
4546,491,3389
4547,469,3441
4548,476,3348
4549,465,3364
4550,505,3423
4551,478,3333
4552,502,3345
4553,490,3467
4554,482,3427
4555,482,3461
4556,477,3374
4557,502,3320
4558,472,3456
4559,488,3313
4560,476,3254
4561,459,3341
4562,490,3360
4563,495,3348
4564,447,3417
4565,465,3469
4566,474,3334
4567,504,3335
4568,491,3451
4569,482,3369
4570,487,3452
4571,494,3429
4572,507,3415
4573,489,3422
4574,494,3405
4575,493,3420
4576,497,3332
4577,472,3328
4578,498,3365
4579,499,3420
4580,490,3338
4581,475,3498
4582,458,3347
4583,455,3398
4584,506,3429
4585,487,3329
4586,494,3384
4587,488,3406
4588,508,3380
4589,508,3276
4590,503,3303
4591,472,3317
4592,495,3301
4593,466,3403
4594,480,3281
4595,471,3342
4596,500,3311
4597,490,3391
4598,473,3289
4599,484,3464
4600,476,3388
4601,506,3396
4602,487,3417
4603,505,3347
4604,471,3274
4605,474,3394
4606,500,3394
4607,482,3427
4608,492,3404
4609,481,3449
4610,481,3440
4611,495,3413
4612,492,3506
4613,484,3415
4614,490,3286
4615,498,3334
4616,495,3443
4617,493,3275
4618,477,3362
4619,466,3438
4620,472,3287
4621,504,3403
4622,490,3421
4623,496,3422
4624,466,3396
4625,488,3458
4626,482,3315
4627,490,3463
4628,490,3395
4629,472,3238
4630,483,3348
4631,455,3382
4632,500,3411
4633,454,3389
4634,493,3422
4635,489,3368
4636,469,3433
4637,487,3354
4638,482,3447
4639,485,3438
4640,491,3389
4641,493,3427
4642,488,3351
4643,499,3484
4644,471,3389
4645,494,3364
4646,472,3328
4647,498,3285
4648,512,3366
4649,467,3338
4650,474,3380
4651,476,3401
4652,501,3322
4653,470,3341
4654,489,3508
4655,496,3328
4656,492,3367
4657,459,3386
4658,464,3323
4659,477,3458
4660,501,3436
4661,468,3470
4662,478,3344
4663,495,3361
4664,485,3393
4665,511,3374
4666,472,3324
4667,476,3464
4668,471,3387
4669,481,3474
4670,460,3364
4671,483,3343
4672,471,3395
4673,472,3488
4674,496,3289
4675,482,3303
4676,474,3352
4677,495,3403
4678,472,3492
4679,477,3451
4680,470,3280
4681,476,3264
4682,505,3371
4683,482,3429
4684,480,3353
4685,490,3394
4686,477,3401
4687,530,3314
4688,482,3409
4689,488,3311
4690,482,3390
4691,465,3371
4692,492,3364
4693,486,3328
4694,485,3384
4695,470,3353
4696,473,3403
4697,490,3373
4698,477,3407
4699,460,3400
4700,487,3416
4701,471,3282
4702,492,3271
4703,464,3276
4704,499,3306
4705,471,3303
4706,485,3377
4707,486,3405
4708,490,3363
4709,473,3323
4710,481,3412
4711,472,3365
4712,482,3396
4713,455,3340
4714,470,3340
4715,462,3338
4716,472,3493
4717,473,3346
4718,485,3380
4719,479,3410
4720,504,3469
4721,470,3400
4722,485,3276
4723,476,3382
4724,490,3324
4725,495,3374
4726,489,3409
4727,481,3361
4728,494,3452
4729,503,3493
4730,477,3303
4731,470,3370
4732,484,3355
4733,511,3373
4734,466,3380
4735,506,3260
4736,491,3512
4737,482,3289
4738,482,3342
4739,474,3486
4740,491,3337
4741,474,3335
4742,492,3224
4743,467,3420
4744,488,3361
4745,506,3428
4746,473,3367
4747,479,3406
4748,467,3462
4749,450,3337
4750,457,3338
4751,479,3379
4752,485,3308
4753,498,3408
4754,489,3382
4755,471,3463
4756,496,3454
4757,466,3353
4758,458,3452
4759,483,3364
4760,465,3419
4761,502,3473
4762,489,3379
4763,501,3467
4764,492,3513
4765,496,3395
4766,483,3297
4767,494,3451
4768,478,3430
4769,522,3411
4770,498,3469
4771,502,3389
4772,483,3375
4773,479,3491
4774,490,3168
4775,502,3437
4776,492,3397
4777,460,3312
4778,497,3501
4779,506,3337
4780,495,3415
4781,488,3272
4782,502,3405
4783,481,3372
4784,477,3386
4785,485,3406
4786,477,3413
4787,515,3376
4788,481,3352
4789,484,3409
4790,505,3454
4791,455,3331
4792,502,3343
4793,483,3373
4794,470,3409
4795,490,3361
4796,468,3381
4797,484,3384
4798,470,3275
4799,475,3342
4800,483,3338
4801,482,3391
4802,501,3412
4803,492,3355
4804,477,3361
4805,487,3268
4806,503,3417
4807,489,3456
4808,496,3378
4809,487,3360
4810,458,3361
4811,482,3296
4812,490,3385
4813,483,3442
4814,469,3354
4815,461,3379
4816,503,3335
4817,496,3389
4818,476,3346
4819,500,3375
4820,480,3288
4821,477,3282
4822,447,3411
4823,482,3337
4824,462,3412
4825,515,3337
4826,491,3422
4827,469,3442
4828,492,3371
4829,485,3360
4830,469,3388
4831,461,3493
4832,499,3378
4833,502,3380
4834,479,3383
4835,458,3378
4836,474,3373
4837,504,3384
4838,510,3383
4839,474,3429
4840,493,3315
4841,491,3423
4842,486,3423
4843,474,3421
4844,470,3325
4845,492,3369
4846,491,3314
4847,481,3341
4848,485,3389
4849,484,3345
4850,472,3462
4851,489,3353
4852,467,3391
4853,500,3412
4854,486,3399
4855,484,3506
4856,459,3310
4857,474,3307
4858,478,3404
4859,462,3377
4860,495,3405
4861,487,3417
4862,494,3353
4863,480,3311
4864,453,3405
4865,485,3400
4866,485,3501
4867,495,3300
4868,491,3293
4869,473,3325
4870,497,3351
4871,478,3397
4872,481,3412
4873,488,3417
4874,493,3319
4875,492,3431
4876,501,3472
4877,510,3391
4878,497,3342
4879,479,3397
4880,479,3429
4881,467,3378
4882,484,3340
4883,461,3248
4884,484,3441
4885,495,3397
4886,492,3389
4887,486,3311
4888,469,3424
4889,492,3367
4890,474,3354
4891,491,3408
4892,501,3360
4893,461,3452
4894,488,3384
4895,503,3388
4896,485,3442
4897,477,3429
4898,482,3424
4899,477,3292
4900,465,3341
4901,501,3303
4902,452,3363
4903,488,3327
4904,457,3433
4905,474,3354
4906,471,3470
4907,487,3315
4908,481,3257
4909,453,3425
4910,495,3341
4911,469,3315
4912,461,3292
4913,433,3421
4914,478,3353
4915,504,3385
4916,490,3442
4917,485,3437
4918,498,3523
4919,493,3429
4920,485,3379
4921,508,3416
4922,500,3327
4923,468,3238
4924,465,3432
4925,491,3442
4926,470,3402
4927,471,3418
4928,500,3386
4929,488,3352
4930,485,3366
4931,498,3415
4932,458,3376
4933,486,3396
4934,488,3311
4935,486,3364
4936,506,3430
4937,475,3446
4938,479,3470
4939,484,3434
4940,481,3381
4941,488,3312
4942,491,3395
4943,488,3406
4944,498,3372
4945,496,3356
4946,480,3400
4947,468,3395
4948,461,3242
4949,468,3380
4950,480,3384
4951,477,3393
4952,496,3317
4953,480,3303
4954,479,3390
4955,490,3400
4956,488,3292
4957,474,3384
4958,469,3441
4959,479,3391
4960,461,3392
4961,484,3380
4962,479,3361
4963,505,3422
4964,493,3230
4965,475,3201
4966,471,3465
4967,467,3324
4968,489,3420
4969,499,3367
4970,502,3388
4971,491,3510
4972,464,3356
4973,483,3372
4974,488,3369
4975,504,3322
4976,474,3285
4977,470,3462
4978,487,3271
4979,491,3308
4980,486,3378
4981,477,3422
4982,477,3430
4983,487,3384
4984,446,3329
4985,497,3402
4986,487,3304
4987,482,3326
4988,475,3378
4989,459,3323
4990,474,3380
4991,504,3355
4992,501,3335
4993,466,3295
4994,519,3399
4995,472,3278
4996,490,3380
4997,467,3381
4998,494,3369
4999,483,3413
5000,472,3403
5001,476,3424
5002,509,3493
5003,496,3291
5004,474,3383
5005,495,3325
5006,503,3394
5007,476,3246
5008,503,3303
5009,486,3274
5010,487,3365
5011,486,3420
5012,471,3322
5013,491,3461
5014,480,3380
5015,469,3370
5016,468,3417
5017,475,3361
5018,488,3412
5019,469,3415
5020,478,3494
5021,469,3294
5022,478,3464
5023,488,3407
5024,466,3424
5025,461,3364
5026,476,3399
5027,475,3355
5028,487,3263
5029,467,3400
5030,483,3383
5031,505,3291
5032,499,3321
5033,500,3375
5034,528,3373
5035,490,3345
5036,519,3471
5037,475,3352
5038,472,3351
5039,502,3334
5040,470,3330
5041,449,3384
5042,500,3401
5043,484,3406
5044,491,3331
5045,485,3282
5046,488,3412
5047,478,3266
5048,490,3366
5049,475,3392
5050,498,3462
5051,502,3335
5052,483,3338
5053,472,3477
5054,486,3454
5055,454,3295
5056,508,3470
5057,472,3359
5058,496,3483
5059,483,3463
5060,466,3413
5061,506,3355
5062,485,3487
5063,479,3426
5064,470,3371
5065,495,3422
5066,501,3468
5067,470,3389
5068,514,3420
5069,486,3400
5070,486,3312
5071,498,3330
5072,487,3313
5073,485,3340
5074,497,3375
5075,485,3338
5076,497,3383
5077,485,3342
5078,453,3346
5079,498,3320
5080,490,3350
5081,490,3260
5082,484,3334
5083,508,3400
5084,474,3288
5085,466,3325
5086,458,3390
5087,478,3347
5088,488,3382
5089,471,3371
5090,490,3490
5091,513,3388
5092,465,3312
5093,483,3406
5094,492,3365
5095,477,3367
5096,474,3505
5097,482,3473
5098,476,3366
5099,484,3336
5100,477,3323
5101,469,3309
5102,466,3443
5103,489,3338
5104,484,3393
5105,481,3311
5106,498,3244
5107,487,3488
5108,495,3431
5109,478,3405
5110,493,3414
5111,483,3412
5112,499,3293
5113,504,3399
5114,475,3369
5115,462,3294
5116,480,3365
5117,494,3351
5118,493,3355
5119,474,3371
5120,481,3400
5121,486,3420
5122,511,3396
5123,495,3397
5124,498,3376
5125,483,3370
5126,472,3383
5127,471,3394
5128,465,3384
5129,502,3349
5130,475,3366
5131,464,3446
5132,477,3369
5133,480,3312
5134,495,3328
5135,480,3329
5136,482,3316
5137,482,3358
5138,472,3305
5139,474,3373
5140,476,3445
5141,499,3374
5142,467,3486
5143,501,3421
5144,497,3485
5145,517,3298
5146,501,3333
5147,479,3432
5148,473,3332
5149,485,3391
5150,471,3377
5151,457,3375
5152,484,3431
5153,507,3366
5154,508,3366
5155,500,3382
5156,473,3332
5157,488,3448
5158,498,3395
5159,501,3444
5160,486,3365
5161,489,3444
5162,448,3399
5163,491,3326
5164,478,3463
5165,474,3257
5166,461,3401
5167,483,3364
5168,487,3393
5169,495,3379
5170,472,3467
5171,478,3378
5172,495,3389
5173,495,3443
5174,459,3308
5175,491,3343
5176,487,3303
5177,478,3278
5178,479,3397
5179,475,3394
5180,503,3334
5181,469,3363
5182,477,3453
5183,489,3397
5184,482,3411
5185,498,3378
5186,496,3503
5187,462,3383
5188,489,3413
5189,469,3340
5190,487,3380
5191,488,3461
5192,488,3336
5193,483,3391
5194,459,3373
5195,461,3430
5196,473,3412
5197,487,3427
5198,489,3452
5199,480,3444
5200,494,3311
5201,495,3375
5202,500,3501
5203,469,3360
5204,482,3351
5205,492,3452
5206,482,3373
5207,509,3374
5208,507,3408
5209,488,3351
5210,468,3316
5211,483,3356
5212,481,3388
5213,494,3439
5214,486,3363
5215,479,3455
5216,475,3402
5217,460,3392
5218,480,3317
5219,487,3454
5220,465,3438
5221,490,3314
5222,485,3369
5223,492,3392
5224,482,3402
5225,456,3403
5226,497,3520
5227,480,3351
5228,478,3314
5229,493,3384
5230,491,3303
5231,486,3365
5232,478,3437
5233,487,3487
5234,477,3377
5235,466,3277
5236,492,3517
5237,487,3366
5238,506,3421
5239,504,3418
5240,484,3396
5241,492,3376
5242,507,3357
5243,453,3388
5244,489,3467
5245,481,3413
5246,490,3314
5247,477,3425
5248,461,3317
5249,476,3484
5250,470,3360
5251,500,3326
5252,490,3396
5253,478,3366
5254,479,3503
5255,486,3444
5256,492,3351
5257,481,3411
5258,500,3354
5259,468,3405
5260,477,3468
5261,510,3283
5262,489,3396
5263,497,3336
5264,498,3330
5265,462,3294
5266,491,3445
5267,488,3444
5268,507,3420
5269,457,3507
5270,478,3387
5271,469,3380
5272,477,3414
5273,510,3365
5274,487,3422
5275,485,3349
5276,503,3267
5277,468,3379
5278,493,3409
5279,480,3293
5280,455,3407
5281,475,3296
5282,491,3307
5283,501,3403
5284,473,3209
5285,481,3351
5286,474,3363
5287,495,3331
5288,463,3454
5289,495,3445
5290,480,3408
5291,467,3384
5292,485,3362
5293,491,3385
5294,476,3388
5295,476,3392
5296,456,3306
5297,471,3401
5298,481,3362
5299,491,3402
5300,494,3401
5301,477,3486
5302,491,3361
5303,462,3451
5304,477,3339
5305,486,3385
5306,481,3363
5307,478,3405
5308,485,3344
5309,488,3453
5310,471,3299
5311,470,3357
5312,480,3347
5313,509,3332
5314,479,3310
5315,502,3351
5316,502,3438
5317,476,3450
5318,456,3329
5319,503,3314
5320,472,3380
5321,484,3530
5322,497,3411
5323,468,3366
5324,490,3448
5325,479,3336
5326,461,3293
5327,473,3459
5328,482,3287
5329,498,3434
5330,469,3470
5331,475,3334
5332,474,3353
5333,516,3387
5334,490,3313
5335,463,3364
5336,484,3361
5337,495,3444
5338,479,3348
5339,481,3432
5340,491,3378
5341,470,3366
5342,487,3346
5343,461,3483
5344,496,3333
5345,490,3349
5346,448,3333
5347,483,3352
5348,479,3403
5349,482,3392
5350,485,3322
5351,491,3344
5352,477,3378
5353,503,3431
5354,478,3279
5355,495,3474
5356,474,3335
5357,478,3421
5358,499,3370
5359,493,3301
5360,474,3440
5361,481,3378
5362,498,3401
5363,471,3431
5364,506,3480
5365,461,3476
5366,477,3451
5367,485,3416
5368,496,3451
5369,476,3454
5370,518,3444
5371,482,3262
5372,451,3420
5373,486,3500
5374,483,3376
5375,496,3305
5376,489,3339
5377,485,3228
5378,486,3299
5379,468,3338
5380,514,3422
5381,470,3363
5382,482,3455
5383,480,3352
5384,500,3456
5385,485,3504
5386,473,3310
5387,482,3427
5388,468,3347
5389,503,3414
5390,500,3451
5391,501,3332
5392,483,3269
5393,463,3339
5394,493,3412
5395,500,3367
5396,498,3433
5397,487,3369
5398,451,3425
5399,499,3372
5400,470,3303
5401,483,3455
5402,477,3303
5403,464,3328
5404,485,3387
5405,480,3372
5406,473,3311
5407,499,3502
5408,488,3349
5409,489,3340
5410,495,3337
5411,454,3387
5412,497,3244
5413,492,3257
5414,489,3378
5415,486,3417
5416,491,3345
5417,477,3247
5418,470,3480
5419,496,3354
5420,487,3354
5421,477,3494
5422,476,3453
5423,516,3549
5424,458,3369
5425,507,3321
5426,473,3368
5427,501,3407
5428,475,3402
5429,472,3467
5430,500,3354
5431,478,3360
5432,488,3496
5433,492,3349
5434,477,3430
5435,479,3369
5436,513,3513
5437,465,3332
5438,487,3426
5439,466,3368
5440,466,3402
5441,475,3373
5442,480,3428
5443,471,3395
5444,477,3397
5445,500,3355
5446,485,3354
5447,477,3294
5448,474,3301
5449,504,3322
5450,493,3339
5451,449,3330
5452,495,3389
5453,506,3443
5454,473,3417
5455,495,3409
5456,507,3434
5457,473,3410
5458,481,3355
5459,473,3445
5460,499,3552
5461,507,3375
5462,495,3337
5463,497,3381
5464,467,3386
5465,475,3471
5466,465,3385
5467,466,3269
5468,498,3384
5469,473,3294
5470,491,3397
5471,516,3404
5472,473,3498
5473,447,3427
5474,486,3319
5475,482,3346
5476,483,3397
5477,526,3425
5478,505,3391
5479,474,3360
5480,464,3503
5481,493,3325
5482,479,3438
5483,481,3350
5484,478,3309
5485,482,3370
5486,475,3346
5487,489,3385
5488,467,3381
5489,479,3453
5490,480,3476
5491,457,3401
5492,480,3266
5493,473,3418
5494,484,3359
5495,470,3358
5496,453,3477
5497,464,3410
5498,506,3524
5499,477,3373
5500,459,3422
5501,491,3350
5502,493,3414
5503,493,3426
5504,494,3322
5505,494,3501
5506,472,3477
5507,453,3386
5508,482,3275
5509,495,3331
5510,471,3276
5511,501,3388
5512,462,3368
5513,503,3458
5514,486,3373
5515,474,3411
5516,489,3447
5517,470,3351
5518,477,3425
5519,473,3458
5520,477,3327
5521,494,3419
5522,508,3322
5523,465,3381
5524,477,3280
5525,481,3299
5526,496,3450
5527,497,3389
5528,465,3345
5529,464,3345
5530,481,3405
5531,471,3476
5532,476,3462
5533,460,3325
5534,495,3408
5535,517,3355
5536,507,3382
5537,456,3300
5538,513,3346
5539,499,3376
5540,496,3350
5541,493,3425
5542,475,3381
5543,469,3396
5544,492,3459
5545,504,3364
5546,485,3368
5547,468,3294
5548,504,3452
5549,498,3280
5550,479,3311
5551,488,3444
5552,478,3392
5553,492,3412
5554,470,3355
5555,486,3320
5556,495,3430
5557,484,3327
5558,500,3403
5559,503,3377
5560,469,3383
5561,490,3400
5562,478,3300
5563,486,3370
5564,495,3412
5565,468,3329
5566,475,3415
5567,483,3378
5568,474,3339
5569,472,3456
5570,486,3299
5571,506,3409
5572,485,3445
5573,474,3362
5574,473,3368
5575,500,3433
5576,462,3328
5577,481,3371
5578,515,3342
5579,474,3463
5580,471,3421
5581,474,3387
5582,487,3339
5583,478,3287
5584,493,3274
5585,479,3375
5586,496,3507
5587,489,3468
5588,485,3357
5589,480,3437
5590,485,3316
5591,502,3308
5592,498,3428
5593,481,3462
5594,490,3325
5595,502,3304
5596,483,3376
5597,452,3389
5598,480,3407
5599,495,3361
5600,464,3546
5601,482,3423
5602,495,3394
5603,481,3403
5604,501,3361
5605,492,3356
5606,486,3402
5607,513,3414
5608,476,3373
5609,487,3450
5610,485,3402
5611,500,3367
5612,463,3479
5613,497,3401
5614,493,3419
5615,467,3376
5616,452,3391
5617,448,3379
5618,466,3288
5619,478,3399
5620,478,3355
5621,497,3354
5622,507,3396
5623,458,3423
5624,474,3527
5625,434,3337
5626,480,3429
5627,489,3392
5628,474,3341
5629,498,3371
5630,474,3396
5631,501,3370
5632,483,3464
5633,489,3329
5634,489,3386
5635,495,3390
5636,452,3333
5637,505,3467
5638,507,3402
5639,489,3472
5640,453,3366
5641,479,3468
5642,477,3530
5643,476,3329
5644,481,3275
5645,483,3411
5646,483,3424
5647,519,3375
5648,491,3346
5649,485,3340
5650,494,3424
5651,497,3335
5652,478,3425
5653,498,3374
5654,488,3415
5655,474,3339
5656,465,3409
5657,510,3507
5658,480,3425
5659,489,3396
5660,464,3405
5661,487,3416
5662,471,3354
5663,475,3310
5664,472,3397
5665,479,3323
5666,481,3389
5667,479,3405
5668,473,3366
5669,465,3383
5670,476,3444
5671,475,3407
5672,474,3445
5673,498,3250
5674,483,3442
5675,487,3403
5676,503,3423
5677,480,3425
5678,465,3389
5679,473,3456
5680,466,3407
5681,489,3395
5682,478,3321
5683,502,3326
5684,471,3433
5685,474,3507
5686,496,3452
5687,491,3356
5688,485,3464
5689,498,3395
5690,457,3459
5691,478,3370
5692,498,3284
5693,511,3318
5694,498,3322
5695,497,3367
5696,477,3384
5697,478,3436
5698,475,3262
5699,487,3245
5700,488,3417
5701,489,3374
5702,502,3330
5703,469,3422
5704,497,3407
5705,522,3316
5706,461,3288
5707,490,3265
5708,502,3419
5709,487,3353
5710,490,3396
5711,485,3408
5712,466,3369
5713,452,3428
5714,521,3386
5715,492,3431
5716,489,3444
5717,479,3337
5718,479,3416
5719,485,3310
5720,488,3363
5721,481,3395
5722,474,3310
5723,471,3412
5724,493,3466
5725,464,3313
5726,509,3453
5727,493,3367
5728,476,3367
5729,506,3425
5730,487,3337
5731,494,3314
5732,499,3404
5733,517,3398
5734,491,3395
5735,482,3395
5736,496,3384
5737,502,3457
5738,471,3489
5739,497,3271
5740,478,3367
5741,497,3351
5742,494,3257
5743,473,3357
5744,491,3333
5745,502,3441
5746,480,3430
5747,504,3478
5748,491,3377
5749,471,3328
5750,469,3500
5751,483,3374
5752,485,3403
5753,490,3412
5754,480,3443
5755,472,3402
5756,482,3420
5757,474,3403
5758,502,3428
5759,488,3386
5760,496,3343
5761,493,3541
5762,471,3433
5763,464,3424
5764,479,3409
5765,454,3377
5766,502,3426
5767,475,3367
5768,495,3360
5769,519,3475
5770,492,3380
5771,461,3426
5772,489,3361
5773,479,3371
5774,491,3397
5775,468,3361
5776,519,3348
5777,480,3447
5778,465,3333
5779,470,3311
5780,479,3368
5781,480,3445
5782,485,3594
5783,475,3321
5784,463,3442
5785,505,3360
5786,484,3363
5787,474,3489
5788,469,3513
5789,473,3308
5790,470,3368
5791,473,3362
5792,482,3437
5793,481,3335
5794,502,3337
5795,467,3365
5796,476,3386
5797,503,3399
5798,480,3392
5799,486,3324
5800,493,3355
5801,484,3405
5802,513,3365
5803,498,3298
5804,453,3424
5805,484,3351
5806,458,3377
5807,499,3397
5808,493,3475
5809,456,3423
5810,481,3301
5811,469,3324
5812,467,3349
5813,493,3358
5814,502,3336
5815,484,3479
5816,517,3369
5817,494,3378
5818,499,3358
5819,491,3504
5820,489,3374
5821,463,3408
5822,480,3449
5823,472,3417
5824,471,3394
5825,471,3487
5826,496,3326
5827,484,3348
5828,500,3447
5829,487,3344
5830,505,3409
5831,488,3347
5832,483,3275
5833,472,3346
5834,483,3423
5835,495,3534
5836,510,3473
5837,456,3473
5838,483,3379
5839,496,3390
5840,480,3480
5841,478,3408
5842,464,3399
5843,492,3342
5844,472,3320
5845,478,3411
5846,488,3444
5847,494,3372
5848,473,3411
5849,483,3272
5850,507,3412
5851,497,3398
5852,508,3270
5853,482,3329
5854,482,3468
5855,470,3406
5856,472,3532
5857,454,3336
5858,479,3381
5859,498,3480
5860,489,3425
5861,498,3346
5862,497,3353
5863,474,3418
5864,489,3369
5865,502,3328
5866,492,3318
5867,479,3346
5868,479,3376
5869,494,3371
5870,471,3401
5871,476,3450
5872,451,3497
5873,448,3350
5874,477,3330
5875,482,3461
5876,492,3531
5877,491,3463
5878,459,3419
5879,452,3426
5880,490,3350
5881,501,3368
5882,465,3449
5883,471,3330
5884,481,3344
5885,491,3310
5886,484,3417
5887,489,3411
5888,485,3332
5889,474,3395
5890,467,3358
5891,497,3459
5892,500,3344
5893,476,3444
5894,496,3434
5895,485,3393
5896,496,3453
5897,471,3364
5898,506,3411
5899,483,3371
5900,487,3303
5901,485,3313
5902,485,3359
5903,492,3449
5904,487,3346
5905,492,3339
5906,490,3313
5907,478,3365
5908,494,3394
5909,487,3436
5910,499,3349
5911,496,3308
5912,467,3457
5913,505,3317
5914,463,3341
5915,479,3324
5916,489,3281
5917,481,3432
5918,479,3415
5919,481,3258
5920,494,3354
5921,506,3384
5922,495,3345
5923,482,3274
5924,476,3301
5925,482,3412
5926,457,3435
5927,509,3345
5928,467,3423
5929,510,3347
5930,509,3369
5931,473,3366
5932,491,3399
5933,485,3443
5934,504,3442
5935,488,3361
5936,483,3365
5937,490,3467
5938,496,3335
5939,465,3469
5940,483,3387
5941,487,3373
5942,504,3443
5943,478,3466
5944,484,3296
5945,492,3344
5946,483,3406
5947,492,3350
5948,478,3429
5949,485,3374
5950,486,3371
5951,488,3393
5952,495,3437
5953,486,3436
5954,494,3302
5955,518,3338
5956,526,3442
5957,496,3366
5958,481,3460
5959,475,3395
5960,487,3351
5961,491,3369
5962,483,3409
5963,502,3502
5964,490,3437
5965,485,3436
5966,482,3269
5967,462,3364
5968,458,3445
5969,491,3354
5970,508,3362
5971,511,3316
5972,519,3482
5973,505,3320
5974,486,3384
5975,510,3342
5976,498,3297
5977,464,3429
5978,491,3429
5979,509,3369
5980,490,3326
5981,498,3482
5982,484,3492
5983,490,3396
5984,509,3400
5985,493,3271
5986,490,3312
5987,455,3433
5988,494,3266
5989,471,3297
5990,461,3369
5991,512,3376
5992,484,3422
5993,476,3373
5994,476,3423
5995,490,3411
5996,476,3437
5997,473,3387
5998,454,3427
5999,473,3286
6000,493,3339
6001,478,3321
6002,473,3385
6003,474,3449
6004,461,3473
6005,479,3486
6006,482,3313
6007,478,3342
6008,468,3309
6009,476,3281
6010,464,3370
6011,495,3368
6012,465,3370
6013,460,3334
6014,477,3367
6015,475,3343
6016,488,3279
6017,491,3322
6018,471,3371
6019,499,3379
6020,480,3375
6021,457,3517
6022,458,3357
6023,490,3475
6024,486,3401
6025,496,3417
6026,494,3317
6027,496,3376
6028,481,3399
6029,495,3466
6030,491,3343
6031,480,3454
6032,489,3323
6033,487,3261
6034,474,3374
6035,500,3375
6036,501,3380
6037,464,3417
6038,486,3366
6039,466,3393
6040,489,3305
6041,499,3479
6042,490,3405
6043,498,3387
6044,466,3329
6045,496,3287
6046,481,3368
6047,482,3290
6048,492,3340
6049,494,3271
6050,479,3357
6051,466,3515
6052,479,3403
6053,471,3357
6054,484,3542
6055,477,3404
6056,476,3302
6057,494,3483
6058,505,3465
6059,484,3333
6060,486,3342
6061,497,3367
6062,506,3384
6063,464,3335
6064,477,3303
6065,495,3360
6066,504,3387
6067,482,3440
6068,490,3395
6069,487,3288
6070,491,3424
6071,492,3389
6072,477,3445
6073,465,3497
6074,461,3299
6075,494,3459
6076,462,3256
6077,487,3298
6078,483,3403
6079,473,3441
6080,486,3390
6081,474,3372
6082,478,3313
6083,491,3341
6084,491,3456
6085,483,3395
6086,492,3426
6087,483,3343
6088,475,3314
6089,479,3472
6090,520,3428
6091,494,3222
6092,473,3429
6093,487,3336
6094,485,3337
6095,487,3287
6096,478,3427
6097,483,3406
6098,475,3335
6099,489,3473
6100,480,3339
6101,498,3374
6102,465,3406
6103,482,3374
6104,485,3475
6105,473,3410
6106,496,3403
6107,476,3319
6108,457,3407
6109,471,3371
6110,475,3395
6111,494,3335
6112,469,3349
6113,457,3387
6114,482,3370
6115,506,3441
6116,473,3383
6117,460,3395
6118,472,3337
6119,478,3456
6120,475,3450
6121,507,3309
6122,497,3314
6123,464,3437
6124,497,3379
6125,440,3346
6126,487,3431
6127,477,3370
6128,479,3355
6129,494,3359
6130,498,3433
6131,477,3374
6132,477,3274
6133,464,3401
6134,508,3277
6135,491,3338
6136,482,3368
6137,484,3306
6138,454,3382
6139,487,3421
6140,466,3365
6141,513,3329
6142,513,3342
6143,473,3402
6144,498,3390
6145,480,3393
6146,482,3448
6147,473,3379
6148,478,3404
6149,486,3359
6150,481,3275
6151,485,3299
6152,479,3379
6153,489,3333
6154,482,3333
6155,489,3410
6156,510,3309
6157,480,3419
6158,499,3370
6159,476,3443
6160,514,3391
6161,509,3373
6162,464,3310
6163,493,3481
6164,467,3426
6165,485,3367
6166,464,3420
6167,494,3388
6168,476,3313
6169,464,3381
6170,483,3390
6171,488,3431
6172,484,3369
6173,478,3455
6174,478,3490
6175,492,3398
6176,502,3346
6177,471,3414
6178,467,3302
6179,461,3492
6180,473,3439
6181,492,3458
6182,501,3447
6183,460,3423
6184,485,3345
6185,473,3382
6186,471,3320
6187,462,3377
6188,461,3305
6189,511,3317
6190,452,3414
6191,525,3483
6192,489,3435
6193,491,3310
6194,486,3411
6195,473,3415
6196,501,3338
6197,499,3368
6198,490,3383
6199,494,3366
6200,470,3406
6201,488,3451
6202,480,3348
6203,492,3293
6204,486,3344
6205,488,3312
6206,477,3365
6207,492,3342
6208,466,3346
6209,474,3409
6210,480,3339
6211,481,3378
6212,512,3353
6213,488,3406
6214,487,3350
6215,495,3377
6216,516,3393
6217,496,3409
6218,493,3346
6219,476,3434
6220,505,3319
6221,467,3468
6222,472,3348
6223,479,3411
6224,449,3360
6225,460,3397
6226,455,3388
6227,479,3445
6228,495,3434
6229,494,3420
6230,479,3420
6231,471,3449
6232,465,3276
6233,495,3375
6234,505,3344
6235,488,3329
6236,492,3481
6237,462,3404
6238,489,3447
6239,508,3330
6240,489,3404
6241,477,3472
6242,482,3384
6243,474,3387
6244,506,3431
6245,499,3389
6246,468,3407
6247,489,3361
6248,488,3218
6249,481,3380
6250,509,3420
6251,487,3508
6252,478,3322
6253,495,3363
6254,464,3320
6255,463,3306
6256,478,3316
6257,519,3407
6258,489,3482
6259,477,3432
6260,476,3367
6261,475,3437
6262,485,3546
6263,498,3348
6264,492,3386
6265,473,3270
6266,460,3334
6267,471,3386
6268,465,3443
6269,469,3421
6270,504,3345
6271,465,3382
6272,479,3378
6273,482,3388
6274,468,3309
6275,488,3401
6276,495,3343
6277,498,3395
6278,492,3460
6279,489,3435
6280,497,3366
6281,492,3438
6282,488,3544
6283,483,3457
6284,509,3400
6285,494,3339
6286,485,3368
6287,462,3338
6288,484,3367
6289,530,3328
6290,495,3429
6291,478,3475
6292,481,3364
6293,466,3345
6294,490,3442
6295,493,3262
6296,492,3497
6297,474,3401
6298,468,3445
6299,465,3432
6300,492,3426
6301,478,3421
6302,466,3261
6303,505,3414
6304,482,3409
6305,458,3329
6306,460,3337
6307,468,3399
6308,465,3357
6309,483,3344
6310,472,3365
6311,506,3332
6312,508,3349
6313,485,3450
6314,488,3427
6315,489,3379
6316,475,3448
6317,474,3343
6318,486,3411
6319,496,3464
6320,502,3307
6321,507,3471
6322,458,3399
6323,472,3363
6324,479,3305
6325,503,3366
6326,472,3359
6327,472,3354
6328,466,3297
6329,481,3446
6330,483,3279
6331,474,3354
6332,484,3338
6333,477,3360
6334,477,3351
6335,475,3364
6336,508,3401
6337,497,3422
6338,478,3387
6339,449,3364
6340,483,3285
6341,501,3324
6342,483,3326
6343,492,3419
6344,451,3323
6345,458,3409
6346,480,3348
6347,484,3405
6348,505,3377
6349,458,3351
6350,459,3419
6351,491,3375
6352,495,3346
6353,485,3401
6354,499,3367
6355,488,3334
6356,461,3381
6357,514,3326
6358,477,3414
6359,495,3373
6360,472,3438
6361,486,3437
6362,478,3414
6363,473,3391
6364,479,3292
6365,504,3414
6366,484,3424
6367,477,3425
6368,493,3377
6369,469,3423
6370,461,3405
6371,494,3443
6372,509,3365
6373,468,3459
6374,495,3457
6375,485,3414
6376,470,3272
6377,485,3331
6378,473,3441
6379,504,3361
6380,474,3265
6381,482,3348
6382,478,3315
6383,511,3433
6384,467,3424
6385,469,3422
6386,496,3401
6387,488,3466
6388,476,3323
6389,503,3358
6390,451,3349
6391,486,3399
6392,490,3327
6393,506,3290
6394,461,3317
6395,462,3328
6396,494,3418
6397,476,3352
6398,462,3334
6399,461,3362
6400,510,3406
6401,490,3271
6402,481,3380
6403,483,3485
6404,491,3372
6405,486,3338
6406,510,3321
6407,488,3342
6408,487,3332
6409,497,3457
6410,475,3466
6411,477,3349
6412,489,3359
6413,465,3586
6414,474,3322
6415,480,3352
6416,492,3364
6417,503,3351
6418,472,3355
6419,481,3436
6420,485,3314
6421,476,3427
6422,462,3346
6423,498,3441
6424,491,3356
6425,478,3434
6426,484,3332
6427,493,3462
6428,499,3317
6429,519,3316
6430,499,3290
6431,486,3288
6432,496,3363
6433,509,3359
6434,495,3337
6435,473,3278
6436,486,3410
6437,459,3306
6438,473,3428
6439,468,3349
6440,486,3412
6441,480,3382
6442,484,3375
6443,490,3401
6444,465,3384
6445,467,3471
6446,457,3308
6447,470,3382
6448,502,3349
6449,479,3379
6450,469,3437
6451,460,3467
6452,510,3332
6453,493,3427
6454,498,3296
6455,485,3372
6456,518,3329
6457,511,3390
6458,485,3416
6459,446,3337
6460,488,3410
6461,484,3369
6462,478,3468
6463,476,3352
6464,478,3383
6465,470,3372
6466,467,3336
6467,480,3339
6468,486,3445
6469,479,3342
6470,491,3449
6471,499,3315
6472,482,3348
6473,484,3481
6474,491,3351
6475,480,3388
6476,490,3435
6477,493,3455
6478,458,3460
6479,486,3264
6480,500,3353
6481,495,3408
6482,477,3357
6483,468,3398
6484,488,3409
6485,465,3472
6486,483,3426
6487,469,3345
6488,492,3360
6489,483,3441
6490,502,3409
6491,487,3453
6492,500,3376
6493,509,3402
6494,483,3369
6495,488,3437
6496,471,3464
6497,481,3380
6498,491,3477
6499,487,3348
6500,486,3426
6501,484,3272
6502,475,3393
6503,487,3409
6504,506,3413
6505,473,3395
6506,495,3363
6507,495,3490
6508,480,3385
6509,463,3278
6510,473,3338
6511,488,3367
6512,475,3315
6513,494,3451
6514,484,3394
6515,456,3414
6516,484,3347
6517,472,3450
6518,488,3431
6519,488,3463
6520,469,3350
6521,470,3317
6522,481,3404
6523,492,3378
6524,498,3391
6525,467,3431
6526,465,3252
6527,482,3447
6528,462,3319
6529,471,3386
6530,488,3325
6531,510,3356
6532,478,3349
6533,482,3428
6534,496,3464
6535,479,3380
6536,479,3361
6537,483,3287
6538,478,3388
6539,491,3422
6540,494,3268
6541,484,3351
6542,496,3429
6543,443,3445
6544,488,3280
6545,496,3448
6546,473,3525
6547,497,3364
6548,515,3421
6549,495,3514
6550,479,3335
6551,478,3402
6552,484,3384
6553,492,3485
6554,480,3336
6555,484,3432
6556,469,3409
6557,468,3426
6558,502,3359
6559,493,3375
6560,474,3436
6561,473,3413
6562,464,3395
6563,494,3294
6564,474,3418
6565,501,3401
6566,486,3390
6567,500,3385
6568,508,3333
6569,481,3380
6570,486,3453
6571,485,3279
6572,505,3361
6573,478,3395
6574,472,3434
6575,482,3399
6576,488,3305
6577,504,3421
6578,490,3354
6579,488,3367
6580,462,3329
6581,486,3384
6582,507,3410
6583,500,3216
6584,501,3443
6585,469,3339
6586,460,3400
6587,489,3411
6588,498,3298
6589,476,3313
6590,479,3419
6591,486,3295
6592,500,3373
6593,486,3386
6594,478,3364
6595,498,3358
6596,507,3403
6597,471,3443
6598,480,3437
6599,510,3439
6600,452,3320
6601,483,3294
6602,495,3299
6603,465,3386
6604,501,3440
6605,492,3394
6606,491,3391
6607,525,3303
6608,463,3425
6609,474,3391
6610,452,3426
6611,486,3396
6612,483,3316
6613,478,3408
6614,484,3338
6615,491,3438
6616,464,3424
6617,459,3377
6618,487,3398
6619,481,3420
6620,490,3413
6621,477,3387
6622,510,3398
6623,464,3338
6624,478,3463
6625,470,3378
6626,483,3339
6627,490,3465
6628,484,3404
6629,479,3404
6630,462,3263
6631,493,3355
6632,472,3427
6633,523,3400
6634,476,3435
6635,485,3337
6636,464,3411
6637,490,3333
6638,490,3361
6639,482,3435
6640,475,3412
6641,489,3308
6642,488,3461
6643,493,3265
6644,481,3423
6645,497,3373
6646,488,3294
6647,477,3394
6648,478,3496
6649,492,3350
6650,494,3359
6651,467,3332
6652,489,3341
6653,479,3421
6654,493,3341
6655,478,3398
6656,480,3283
6657,501,3325
6658,479,3311
6659,486,3340
6660,473,3489
6661,478,3293
6662,472,3318
6663,501,3391
6664,476,3443
6665,516,3404
6666,489,3365
6667,478,3480
6668,489,3414
6669,480,3334
6670,497,3347
6671,474,3373
6672,514,3314
6673,452,3430
6674,514,3360
6675,484,3446
6676,497,3440
6677,493,3360
6678,473,3268
6679,459,3377
6680,480,3337
6681,497,3382
6682,491,3343
6683,472,3436
6684,484,3361
6685,486,3406
6686,458,3470
6687,473,3339
6688,487,3437
6689,498,3383
6690,486,3381
6691,470,3331
6692,483,3345
6693,483,3352
6694,469,3402
6695,476,3366
6696,485,3469
6697,481,3432
6698,470,3352
6699,484,3419
6700,487,3362
6701,492,3204
6702,480,3303
6703,468,3479
6704,445,3367
6705,501,3355
6706,459,3415
6707,463,3491
6708,449,3333
6709,486,3337
6710,504,3336
6711,498,3492
6712,455,3404
6713,495,3390
6714,471,3417
6715,462,3333
6716,459,3421
6717,493,3391
6718,482,3338
6719,477,3441
6720,472,3403
6721,446,3277
6722,473,3444
6723,485,3420
6724,484,3364
6725,486,3351
6726,485,3429
6727,496,3345
6728,476,3312
6729,467,3391
6730,486,3380
6731,470,3297
6732,488,3400
6733,459,3396
6734,472,3375
6735,497,3402
6736,490,3309
6737,482,3426
6738,505,3350
6739,467,3384
6740,527,3406
6741,498,3213
6742,500,3416
6743,487,3325
6744,491,3332
6745,508,3394
6746,486,3343
6747,490,3382
6748,495,3369
6749,481,3374
6750,483,3377
6751,480,3445
6752,487,3408
6753,465,3374
6754,467,3426
6755,462,3462
6756,487,3390
6757,475,3253
6758,498,3404
6759,501,3398
6760,485,3332
6761,477,3365
6762,488,3455
6763,471,3557
6764,505,3279
6765,492,3449
6766,469,3310
6767,472,3532
6768,480,3308
6769,468,3370
6770,496,3361
6771,495,3387
6772,488,3478
6773,484,3486
6774,521,3474
6775,486,3469
6776,460,3312
6777,492,3464
6778,508,3191
6779,483,3373
6780,479,3311
6781,465,3358
6782,486,3321
6783,469,3436
6784,462,3438
6785,477,3427
6786,497,3400
6787,497,3300
6788,492,3417
6789,499,3438
6790,492,3378
6791,494,3485
6792,495,3428
6793,481,3412
6794,474,3380
6795,458,3327
6796,507,3392
6797,475,3358
6798,501,3350
6799,497,3405
6800,493,3399
6801,472,3334
6802,486,3451
6803,473,3393
6804,475,3475
6805,477,3336
6806,486,3322
6807,482,3307
6808,478,3336
6809,460,3312
6810,471,3287
6811,494,3364
6812,497,3252
6813,485,3311
6814,484,3314
6815,498,3367
6816,476,3452
6817,463,3433
6818,476,3348
6819,479,3346
6820,481,3445
6821,469,3421
6822,487,3355
6823,477,3351
6824,472,3353
6825,485,3338
6826,484,3348
6827,460,3397
6828,487,3385
6829,472,3282
6830,454,3324
6831,492,3435
6832,492,3419
6833,487,3359
6834,491,3392
6835,469,3356
6836,461,3404
6837,481,3434
6838,500,3420
6839,491,3526
6840,491,3311
6841,471,3325
6842,502,3441
6843,499,3371
6844,514,3415
6845,470,3386
6846,510,3467
6847,468,3359
6848,471,3401
6849,489,3402
6850,513,3312
6851,481,3365
6852,481,3455
6853,490,3334
6854,508,3361
6855,486,3343
6856,469,3358
6857,505,3471
6858,505,3364
6859,479,3371
6860,481,3319
6861,479,3235
6862,476,3459
6863,498,3470
6864,452,3333
6865,474,3465
6866,500,3366
6867,481,3396
6868,473,3331
6869,462,3373
6870,481,3333
6871,486,3438
6872,483,3344
6873,448,3438
6874,462,3517
6875,482,3343
6876,487,3478
6877,505,3417
6878,500,3357
6879,478,3315
6880,474,3398
6881,488,3423
6882,486,3292
6883,495,3327
6884,501,3392
6885,482,3381
6886,468,3382
6887,500,3384
6888,482,3405
6889,473,3282
6890,456,3399
6891,469,3379
6892,496,3408
6893,518,3444
6894,480,3363
6895,488,3342
6896,477,3373
6897,481,3297
6898,483,3386
6899,456,3403
6900,487,3390
6901,462,3334
6902,474,3455
6903,499,3300
6904,488,3433
6905,488,3331
6906,519,3396
6907,503,3459
6908,479,3410
6909,464,3449
6910,472,3394
6911,471,3391
6912,502,3391
6913,489,3374
6914,464,3464
6915,493,3368
6916,530,3416
6917,475,3420
6918,484,3408
6919,475,3376
6920,502,3457
6921,491,3404
6922,523,3319
6923,471,3432
6924,496,3445
6925,486,3376
6926,459,3428
6927,489,3410
6928,503,3452
6929,490,3347
6930,473,3312
6931,473,3421
6932,472,3321
6933,473,3396
6934,485,3388
6935,520,3294
6936,486,3309
6937,481,3347
6938,477,3350
6939,484,3320
6940,496,3366
6941,488,3377
6942,486,3300
6943,480,3339
6944,459,3257
6945,501,3341
6946,472,3314
6947,496,3330
6948,499,3331
6949,500,3361
6950,466,3470
6951,480,3378
6952,477,3294
6953,478,3263
6954,485,3387
6955,485,3393
6956,488,3328
6957,491,3498
6958,503,3455
6959,500,3385
6960,470,3422
6961,477,3501
6962,473,3343
6963,483,3457
6964,467,3268
6965,498,3429
6966,482,3351
6967,502,3390
6968,460,3257
6969,491,3414
6970,475,3256
6971,488,3399
6972,466,3414
6973,482,3460
6974,471,3341
6975,469,3492
6976,497,3325
6977,496,3306
6978,490,3384
6979,463,3345
6980,488,3421
6981,461,3380
6982,477,3371
6983,490,3427
6984,505,3335
6985,481,3416
6986,488,3373
6987,493,3453
6988,447,3264
6989,488,3318
6990,465,3502
6991,457,3381
6992,510,3424
6993,483,3420
6994,486,3402
6995,462,3521
6996,485,3298
6997,475,3287
6998,495,3382
6999,490,3318
7000,475,3384
7001,467,3397
7002,484,3305
7003,479,3343
7004,485,3356
7005,471,3407
7006,488,3331
7007,490,3385
7008,487,3515
7009,454,3390
7010,473,3442
7011,472,3418
7012,481,3364
7013,483,3443
7014,501,3483
7015,479,3380
7016,497,3383
7017,478,3386
7018,486,3439
7019,497,3462
7020,485,3393
7021,499,3379
7022,487,3323
7023,482,3308
7024,468,3338
7025,513,3454
7026,472,3414
7027,461,3395
7028,494,3313
7029,470,3451
7030,499,3379
7031,502,3437
7032,448,3362
7033,476,3454
7034,477,3323
7035,494,3379
7036,484,3378
7037,493,3337
7038,497,3404
7039,453,3383
7040,504,3415
7041,477,3392
7042,502,3375
7043,510,3393
7044,454,3490
7045,491,3337
7046,501,3400
7047,479,3438
7048,489,3496
7049,482,3429
7050,485,3394
7051,470,3349
7052,505,3350
7053,498,3329
7054,483,3340
7055,489,3398
7056,465,3453
7057,507,3265
7058,503,3382
7059,476,3372
7060,487,3395
7061,488,3353
7062,484,3372
7063,470,3388
7064,513,3437
7065,462,3364
7066,491,3306
7067,490,3290
7068,494,3393
7069,485,3412
7070,470,3414
7071,484,3317
7072,505,3328
7073,481,3495
7074,481,3444
7075,487,3416
7076,474,3381
7077,484,3191
7078,465,3315
7079,483,3271
7080,462,3305
7081,479,3434
7082,488,3376
7083,455,3391
7084,506,3351
7085,483,3375
7086,467,3272
7087,490,3356
7088,511,3350
7089,487,3398
7090,485,3433
7091,511,3382
7092,502,3392
7093,476,3421
7094,495,3381
7095,484,3343
7096,482,3383
7097,457,3316
7098,499,3348
7099,444,3383
7100,478,3335
7101,481,3343
7102,496,3421
7103,494,3454
7104,498,3411
7105,478,3424
7106,475,3353
7107,464,3405
7108,481,3331
7109,468,3353
7110,481,3385
7111,486,3513
7112,501,3344
7113,497,3430
7114,486,3359
7115,491,3464
7116,477,3420
7117,468,3316
7118,485,3391
7119,499,3364
7120,478,3449
7121,489,3512
7122,501,3380
7123,480,3330
7124,459,3411
7125,445,3392
7126,480,3426
7127,463,3370
7128,496,3400
7129,495,3408
7130,490,3377
7131,481,3360
7132,484,3346
7133,511,3439
7134,468,3434
7135,479,3255
7136,461,3370
7137,491,3424
7138,469,3438
7139,489,3343
7140,473,3345
7141,466,3307
7142,500,3316
7143,484,3335
7144,487,3439
7145,494,3331
7146,491,3415
7147,468,3363
7148,501,3389
7149,469,3339
7150,474,3352
7151,479,3307
7152,479,3425
7153,478,3353
7154,504,3362
7155,468,3422
7156,462,3249
7157,514,3373
7158,472,3418
7159,505,3363
7160,457,3287
7161,478,3344
7162,457,3354
7163,481,3374
7164,468,3346
7165,485,3440
7166,488,3456
7167,484,3373
7168,474,3319
7169,467,3368
7170,492,3428
7171,503,3342
7172,481,3392
7173,469,3424
7174,480,3423
7175,479,3236
7176,482,3357
7177,503,3463
7178,458,3408
7179,479,3489
7180,492,3385
7181,485,3351
7182,488,3479
7183,491,3260
7184,487,3408
7185,471,3407
7186,489,3327
7187,505,3434
7188,484,3465
7189,485,3298
7190,489,3407
7191,480,3416
7192,455,3357
7193,482,3346
7194,485,3351
7195,479,3376
7196,478,3389
7197,496,3334
7198,489,3276
7199,494,3366
7200,479,3358
7201,471,3379
7202,489,3396
7203,468,3363
7204,521,3444
7205,490,3327
7206,492,3355
7207,486,3299
7208,438,3445
7209,489,3400
7210,481,3319
7211,500,3223
7212,486,3338
7213,508,3358
7214,477,3394
7215,489,3324
7216,472,3429
7217,487,3364
7218,484,3360
7219,477,3461
7220,478,3369
7221,499,3365
7222,482,3417
7223,470,3433
7224,496,3307
7225,501,3380
7226,453,3424
7227,478,3380
7228,477,3304
7229,469,3415
7230,494,3375
7231,485,3260
7232,495,3286
7233,498,3385
7234,478,3418
7235,471,3354
7236,504,3384
7237,495,3293
7238,481,3341
7239,488,3328
7240,507,3363
7241,475,3355
7242,470,3361
7243,507,3389
7244,474,3431
7245,473,3300
7246,489,3498
7247,479,3416
7248,483,3346
7249,489,3380
7250,493,3448
7251,468,3416
7252,471,3323
7253,483,3314
7254,474,3366
7255,481,3395
7256,492,3254
7257,472,3362
7258,479,3407
7259,517,3429
7260,498,3410
7261,460,3399
7262,451,3398
7263,474,3403
7264,496,3390
7265,454,3446
7266,478,3393
7267,455,3391
7268,505,3415
7269,499,3386
7270,502,3344
7271,495,3332
7272,446,3409
7273,460,3476
7274,471,3316
7275,465,3289
7276,490,3407
7277,488,3418
7278,483,3452
7279,490,3402
7280,482,3354
7281,482,3467
7282,469,3383
7283,503,3242
7284,524,3298
7285,484,3330
7286,509,3375
7287,470,3387
7288,479,3376
7289,478,3424
7290,515,3339
7291,487,3310
7292,497,3314
7293,470,3365
7294,479,3374
7295,457,3385
7296,497,3395
7297,469,3328
7298,485,3397
7299,499,3307
7300,502,3397
7301,474,3428
7302,481,3466
7303,479,3445
7304,501,3354
7305,462,3331
7306,487,3452
7307,488,3491
7308,483,3453
7309,482,3393
7310,502,3353
7311,501,3302
7312,501,3340
7313,487,3447
7314,468,3296
7315,499,3486
7316,474,3346
7317,501,3405
7318,504,3362
7319,483,3318
7320,497,3359
7321,467,3490
7322,473,3425
7323,468,3322
7324,475,3381
7325,473,3453
7326,459,3437
7327,480,3375
7328,485,3344
7329,469,3359
7330,480,3437
7331,488,3258
7332,491,3424
7333,484,3328
7334,485,3352
7335,481,3350
7336,500,3385
7337,493,3335
7338,469,3370
7339,482,3348
7340,501,3342
7341,493,3364
7342,500,3326
7343,495,3359
7344,516,3341
7345,465,3316
7346,469,3389
7347,498,3359
7348,488,3378
7349,486,3367
7350,478,3411
7351,450,3338
7352,468,3374
7353,479,3403
7354,481,3374
7355,492,3370
7356,494,3408
7357,472,3391
7358,498,3365
7359,455,3410
7360,478,3401
7361,482,3439
7362,479,3315
7363,492,3398
7364,495,3400
7365,518,3371
7366,499,3320
7367,465,3329
7368,504,3366
7369,486,3318
7370,472,3303
7371,488,3368
7372,466,3310
7373,477,3427
7374,489,3409
7375,477,3394
7376,486,3350
7377,475,3319
7378,487,3397
7379,493,3456
7380,498,3430
7381,500,3354
7382,507,3357
7383,489,3373
7384,489,3410
7385,502,3429
7386,492,3444
7387,484,3379
7388,483,3350
7389,472,3346
7390,477,3285
7391,496,3335
7392,502,3433
7393,464,3301
7394,488,3303
7395,479,3390
7396,493,3467
7397,499,3451
7398,474,3364
7399,484,3330
7400,475,3290
7401,481,3329
7402,479,3378
7403,455,3492
7404,489,3378
7405,500,3365
7406,468,3452
7407,468,3368
7408,470,3401
7409,468,3418
7410,493,3477
7411,485,3359
7412,465,3409
7413,468,3359
7414,505,3461
7415,510,3374
7416,498,3484
7417,492,3276
7418,462,3302
7419,484,3333
7420,480,3363
7421,474,3422
7422,464,3442
7423,517,3354
7424,496,3370
7425,487,3391
7426,491,3421
7427,494,3445
7428,469,3398
7429,474,3256
7430,462,3410
7431,487,3364
7432,499,3337
7433,472,3346
7434,485,3372
7435,479,3403
7436,494,3435
7437,476,3344
7438,486,3332
7439,484,3425
7440,486,3407
7441,473,3357
7442,487,3459
7443,463,3431
7444,476,3338
7445,501,3344
7446,500,3362
7447,499,3327
7448,510,3409
7449,471,3363
7450,472,3430
7451,485,3316
7452,477,3349
7453,455,3333
7454,491,3463
7455,458,3307
7456,483,3361
7457,486,3302
7458,510,3507
7459,500,3418
7460,488,3404
7461,480,3452
7462,466,3329
7463,473,3228
7464,477,3363
7465,508,3467
7466,504,3372
7467,488,3554
7468,467,3385
7469,501,3463
7470,491,3419
7471,469,3319
7472,462,3378
7473,494,3413
7474,504,3319
7475,492,3353
7476,478,3426
7477,472,3468
7478,495,3346
7479,491,3429
7480,501,3372
7481,466,3403
7482,468,3364
7483,483,3392
7484,509,3340
7485,481,3304
7486,489,3281
7487,485,3506
7488,488,3368
7489,506,3400
7490,495,3422
7491,484,3480
7492,464,3522
7493,486,3271
7494,473,3461
7495,463,3417
7496,478,3395
7497,492,3326
7498,479,3388
7499,473,3307
7500,484,3293
7501,492,3392
7502,495,3497
7503,472,3488
7504,500,3435
7505,468,3413
7506,507,3374
7507,475,3302
7508,492,3452
7509,460,3372
7510,504,3423
7511,506,3369
7512,496,3350
7513,481,3419
7514,462,3399
7515,488,3383
7516,469,3306
7517,478,3426
7518,469,3425
7519,495,3447
7520,493,3420
7521,501,3349
7522,459,3486
7523,476,3363
7524,465,3404
7525,491,3320
7526,486,3408
7527,504,3354
7528,488,3327
7529,494,3388
7530,488,3427
7531,467,3406
7532,485,3298
7533,453,3365
7534,473,3399
7535,479,3315
7536,497,3292
7537,500,3426
7538,474,3346
7539,480,3351
7540,515,3419
7541,485,3407
7542,494,3430
7543,492,3402
7544,464,3309
7545,474,3331
7546,493,3388
7547,505,3459
7548,464,3431
7549,492,3378
7550,490,3351
7551,468,3398
7552,462,3497
7553,491,3334
7554,479,3256
7555,467,3360
7556,498,3263
7557,493,3357
7558,498,3382
7559,495,3346
7560,480,3347
7561,506,3430
7562,500,3439
7563,483,3290
7564,478,3304
7565,475,3383
7566,488,3346
7567,493,3483
7568,493,3383
7569,472,3298
7570,477,3499
7571,475,3385
7572,471,3372
7573,482,3426
7574,505,3333
7575,497,3493
7576,500,3390
7577,489,3351
7578,506,3269
7579,484,3350
7580,463,3359
7581,485,3363
7582,467,3313
7583,504,3309
7584,452,3343
7585,471,3370
7586,476,3417
7587,476,3236
7588,480,3523
7589,493,3386
7590,481,3309
7591,483,3368
7592,484,3353
7593,495,3323
7594,482,3378
7595,508,3417
7596,492,3460
7597,468,3383
7598,468,3450
7599,485,3437
7600,468,3313
7601,506,3357
7602,484,3469
7603,484,3378
7604,467,3372
7605,482,3502
7606,492,3457
7607,491,3327
7608,474,3324
7609,471,3433
7610,463,3399
7611,479,3449
7612,485,3259
7613,487,3372
7614,502,3437
7615,472,3395
7616,493,3371
7617,503,3192
7618,494,3330
7619,501,3354
7620,472,3464
7621,460,3260
7622,483,3413
7623,497,3354
7624,481,3328
7625,489,3382
7626,467,3442
7627,463,3381
7628,484,3454
7629,482,3396
7630,476,3355
7631,462,3414
7632,461,3346
7633,473,3363
7634,474,3358
7635,500,3419
7636,465,3448
7637,481,3391
7638,478,3505
7639,491,3417
7640,505,3416
7641,501,3470
7642,507,3425
7643,506,3414
7644,509,3332
7645,494,3313
7646,480,3505
7647,482,3406
7648,468,3355
7649,480,3534
7650,486,3343
7651,493,3354
7652,475,3411
7653,480,3449
7654,494,3498
7655,454,3416
7656,477,3394
7657,492,3257
7658,483,3330
7659,460,3249
7660,503,3429
7661,495,3297
7662,508,3421
7663,475,3376
7664,498,3282
7665,476,3342
7666,484,3411
7667,504,3422
7668,465,3441
7669,482,3430
7670,476,3396
7671,517,3448
7672,474,3350
7673,484,3330
7674,463,3432
7675,466,3327
7676,487,3359
7677,481,3417
7678,485,3415
7679,507,3353
7680,463,3299
7681,512,3377
7682,499,3297
7683,494,3407
7684,474,3385
7685,496,3404
7686,470,3379
7687,463,3288
7688,491,3314
7689,465,3431
7690,474,3415
7691,464,3344
7692,484,3431
7693,486,3392
7694,514,3435
7695,480,3440
7696,478,3334
7697,491,3389
7698,467,3450
7699,502,3305
7700,484,3391
7701,466,3348
7702,478,3416
7703,463,3330
7704,498,3360
7705,487,3424
7706,470,3431
7707,496,3450
7708,464,3362
7709,500,3321
7710,495,3378
7711,460,3439
7712,484,3337
7713,488,3429
7714,499,3417
7715,465,3432
7716,483,3356
7717,494,3499
7718,492,3412
7719,501,3244
7720,482,3357
7721,460,3405
7722,498,3425
7723,486,3369
7724,501,3420
7725,485,3432
7726,510,3367
7727,486,3323
7728,480,3395
7729,524,3361
7730,465,3403
7731,489,3316
7732,472,3437
7733,488,3325
7734,474,3392
7735,505,3363
7736,497,3305
7737,489,3403
7738,481,3365
7739,471,3339
7740,478,3358
7741,507,3373
7742,482,3431
7743,468,3410
7744,469,3452
7745,484,3436
7746,500,3376
7747,483,3319
7748,467,3347
7749,482,3435
7750,479,3427
7751,488,3330
7752,479,3373
7753,512,3463
7754,492,3416
7755,462,3468
7756,483,3374
7757,483,3527
7758,474,3395
7759,466,3444
7760,478,3306
7761,461,3416
7762,482,3402
7763,466,3329
7764,497,3491
7765,473,3407
7766,490,3281
7767,496,3426
7768,484,3389
7769,494,3464
7770,479,3460
7771,474,3356
7772,479,3399
7773,492,3502
7774,492,3349
7775,509,3339
7776,481,3497
7777,482,3292
7778,479,3306
7779,465,3425
7780,481,3380
7781,465,3390
7782,484,3384
7783,514,3427
7784,480,3480
7785,519,3367
7786,471,3355
7787,512,3275
7788,458,3288
7789,449,3279
7790,484,3378
7791,493,3381
7792,467,3314
7793,506,3354
7794,499,3380
7795,497,3457
7796,506,3409
7797,485,3356
7798,458,3458
7799,511,3418
7800,487,3378
7801,483,3463
7802,493,3405
7803,469,3358
7804,484,3340
7805,527,3520
7806,471,3341
7807,469,3410
7808,470,3307
7809,471,3295
7810,487,3324
7811,477,3448
7812,492,3424
7813,492,3518
7814,466,3325
7815,480,3305
7816,472,3419
7817,492,3350
7818,468,3383
7819,476,3288
7820,469,3322
7821,470,3369
7822,485,3478
7823,475,3348
7824,473,3403
7825,501,3311
7826,479,3427
7827,484,3422
7828,460,3505
7829,476,3285
7830,485,3377
7831,471,3362
7832,482,3437
7833,497,3355
7834,515,3384
7835,498,3418
7836,472,3380
7837,480,3408
7838,486,3249
7839,484,3292
7840,490,3389
7841,494,3364
7842,483,3456
7843,480,3449
7844,500,3343
7845,469,3439
7846,487,3379
7847,475,3303
7848,509,3298
7849,501,3355
7850,507,3417
7851,492,3411
7852,464,3360
7853,489,3372
7854,497,3318
7855,481,3403
7856,484,3369
7857,466,3390
7858,516,3390
7859,520,3407
7860,449,3431
7861,501,3412
7862,492,3387
7863,466,3355
7864,502,3316
7865,489,3366
7866,471,3266
7867,480,3321
7868,517,3354
7869,492,3294
7870,456,3370
7871,470,3309
7872,492,3273
7873,486,3455
7874,496,3362
7875,486,3459
7876,518,3329
7877,520,3505
7878,495,3414
7879,472,3423
7880,478,3356
7881,483,3421
7882,488,3378
7883,484,3372
7884,481,3400
7885,489,3388
7886,485,3432
7887,464,3425
7888,479,3409
7889,478,3437
7890,469,3408
7891,501,3490
7892,485,3453
7893,477,3461
7894,500,3510
7895,480,3410
7896,479,3357
7897,467,3463
7898,498,3313
7899,495,3293
7900,473,3382
7901,489,3459
7902,476,3323
7903,501,3327
7904,470,3384
7905,480,3277
7906,453,3410
7907,487,3473
7908,458,3423
7909,501,3448
7910,483,3365
7911,486,3361
7912,490,3315
7913,474,3366
7914,475,3442
7915,476,3375
7916,471,3343
7917,468,3307
7918,504,3391
7919,476,3509
7920,502,3377
7921,480,3381
7922,486,3370
7923,495,3351
7924,459,3416
7925,477,3401
7926,479,3384
7927,471,3431
7928,469,3409
7929,460,3373
7930,474,3386
7931,475,3457
7932,476,3339
7933,485,3388
7934,488,3441
7935,479,3451
7936,487,3337
7937,454,3371
7938,507,3401
7939,475,3348
7940,496,3369
7941,494,3395
7942,489,3425
7943,493,3418
7944,466,3286
7945,499,3370
7946,482,3516
7947,512,3422
7948,482,3442
7949,487,3337
7950,513,3284
7951,515,3456
7952,465,3345
7953,497,3442
7954,490,3293
7955,473,3418
7956,479,3425
7957,488,3421
7958,453,3405
7959,467,3363
7960,471,3507
7961,498,3379
7962,461,3315
7963,488,3494
7964,477,3326
7965,490,3370
7966,480,3442
7967,497,3425
7968,479,3434
7969,488,3364
7970,476,3381
7971,465,3407
7972,463,3451
7973,491,3335
7974,478,3393
7975,472,3341
7976,476,3355
7977,485,3381
7978,476,3422
7979,476,3400
7980,505,3389
7981,476,3466
7982,501,3483
7983,463,3350
7984,468,3398
7985,490,3284
7986,509,3415
7987,483,3406
7988,488,3419
7989,479,3452
7990,483,3361
7991,484,3413
7992,490,3376
7993,477,3308
7994,477,3337
7995,485,3391
7996,471,3268
7997,483,3328
7998,481,3348
7999,486,3475
8000,487,3355
8001,503,3397
8002,479,3437
8003,506,3418
8004,497,3371
8005,520,3435
8006,508,3451
8007,488,3300
8008,487,3466
8009,491,3324
8010,488,3442
8011,496,3339
8012,479,3419
8013,491,3360
8014,471,3327
8015,485,3297
8016,489,3400
8017,498,3281
8018,461,3356
8019,464,3359
8020,481,3414
8021,467,3330
8022,492,3452
8023,502,3279
8024,461,3386
8025,476,3368
8026,492,3363
8027,487,3311
8028,473,3469
8029,501,3441
8030,495,3420
8031,484,3372
8032,500,3358
8033,478,3429
8034,485,3343
8035,501,3247
8036,462,3428
8037,478,3438
8038,475,3395
8039,481,3367
8040,490,3418
8041,440,3334
8042,499,3380
8043,498,3423
8044,490,3419
8045,463,3354
8046,522,3313
8047,468,3415
8048,488,3379
8049,465,3386
8050,472,3382
8051,483,3401
8052,493,3404
8053,486,3344
8054,494,3448
8055,497,3438
8056,480,3474
8057,468,3366
8058,461,3438
8059,493,3332
8060,488,3338
8061,471,3405
8062,477,3321
8063,471,3311
8064,454,3415
8065,481,3417
8066,483,3394
8067,499,3436
8068,466,3242
8069,492,3391
8070,476,3450
8071,469,3413
8072,489,3327
8073,465,3472
8074,460,3415
8075,502,3369
8076,471,3379
8077,479,3386
8078,506,3340
8079,470,3382
8080,499,3329
8081,504,3463
8082,467,3328
8083,457,3448
8084,467,3340
8085,496,3380
8086,510,3397
8087,508,3289
8088,482,3395
8089,494,3339
8090,508,3400
8091,472,3353
8092,486,3374
8093,457,3323
8094,478,3360
8095,469,3266
8096,470,3316
8097,510,3360
8098,475,3413
8099,499,3427
8100,501,3370
8101,482,3306
8102,481,3413
8103,470,3443
8104,494,3465
8105,486,3411
8106,463,3346
8107,477,3302
8108,490,3382
8109,499,3429
8110,475,3306
8111,492,3353
8112,506,3407
8113,475,3346
8114,496,3358
8115,489,3401
8116,481,3499
8117,476,3396
8118,475,3377
8119,497,3294
8120,504,3384
8121,502,3363
8122,493,3421
8123,491,3447
8124,478,3383
8125,460,3327
8126,469,3351
8127,463,3315
8128,471,3475
8129,470,3329
8130,478,3395
8131,476,3380
8132,483,3458
8133,476,3458
8134,493,3370
8135,480,3343
8136,479,3407
8137,474,3413
8138,491,3396
8139,482,3341
8140,479,3349
8141,474,3486
8142,474,3330
8143,513,3474
8144,481,3343
8145,504,3382
8146,471,3397
8147,469,3397
8148,497,3228
8149,487,3375
8150,522,3390
8151,499,3322
8152,499,3365
8153,510,3317
8154,477,3408
8155,484,3328
8156,488,3393
8157,461,3452
8158,491,3436
8159,489,3336
8160,481,3418
8161,493,3305
8162,478,3407
8163,474,3440
8164,483,3408
8165,469,3237
8166,490,3337
8167,482,3464
8168,484,3387
8169,490,3394
8170,455,3428
8171,471,3372
8172,473,3245
8173,491,3349
8174,489,3404
8175,475,3455
8176,471,3290
8177,499,3306
8178,500,3381
8179,502,3387
8180,485,3344
8181,501,3319
8182,487,3419
8183,501,3429
8184,481,3391
8185,482,3410
8186,512,3301
8187,485,3317
8188,485,3415
8189,481,3358
8190,491,3395
8191,477,3410
8192,500,3425
8193,513,3425
8194,516,3450
8195,485,3385
8196,471,3430
8197,494,3465
8198,463,3352
8199,485,3416
8200,473,3295
8201,489,3466
8202,486,3435
8203,494,3441
8204,487,3327
8205,463,3367
8206,454,3452
8207,504,3356
8208,520,3391
8209,493,3312
8210,473,3314
8211,485,3321
8212,506,3345
8213,494,3244
8214,490,3393
8215,498,3310
8216,450,3380
8217,488,3377
8218,464,3322
8219,492,3399
8220,493,3467
8221,503,3417
8222,484,3406
8223,476,3371
8224,486,3392
8225,488,3426
8226,488,3466
8227,476,3445
8228,487,3379
8229,483,3426
8230,470,3390
8231,478,3404
8232,508,3357
8233,474,3337
8234,519,3542
8235,473,3413
8236,491,3377
8237,497,3357
8238,466,3444
8239,484,3366
8240,485,3351
8241,467,3379
8242,481,3475
8243,493,3325
8244,500,3341
8245,472,3284
8246,479,3455
8247,513,3333
8248,453,3389
8249,498,3400
8250,461,3527
8251,491,3336
8252,473,3368
8253,470,3320
8254,472,3367
8255,474,3328
8256,469,3401
8257,492,3386
8258,473,3312
8259,489,3339
8260,478,3427
8261,476,3430
8262,490,3341
8263,471,3328
8264,462,3468
8265,483,3338
8266,515,3394
8267,479,3318
8268,492,3409
8269,485,3407
8270,485,3288
8271,505,3396
8272,459,3448
8273,476,3295
8274,470,3442
8275,496,3409
8276,506,3353
8277,483,3507
8278,478,3334
8279,498,3470
8280,480,3453
8281,497,3420
8282,499,3368
8283,482,3331
8284,473,3357
8285,496,3391
8286,499,3378
8287,486,3418
8288,464,3410
8289,476,3399
8290,477,3331
8291,478,3336
8292,501,3297
8293,510,3384
8294,477,3388
8295,507,3375
8296,491,3244
8297,469,3389
8298,487,3334
8299,485,3348
8300,485,3397
8301,493,3442
8302,475,3350
8303,480,3400
8304,481,3422
8305,490,3315
8306,495,3401
8307,482,3314
8308,489,3412
8309,455,3337
8310,474,3408
8311,471,3402
8312,487,3407
8313,474,3390
8314,471,3406
8315,479,3461
8316,474,3401
8317,479,3408
8318,478,3342
8319,489,3398
8320,502,3358
8321,491,3311
8322,479,3354
8323,478,3370
8324,486,3328
8325,486,3420
8326,523,3398
8327,493,3311
8328,497,3324
8329,462,3391
8330,471,3272
8331,491,3442
8332,469,3383
8333,485,3429
8334,467,3377
8335,481,3362
8336,463,3432
8337,496,3289
8338,515,3369
8339,496,3287
8340,486,3425
8341,481,3383
8342,463,3385
8343,494,3393
8344,476,3362
8345,493,3404
8346,453,3383
8347,465,3430
8348,495,3452
8349,490,3438
8350,480,3351
8351,466,3351
8352,468,3439
8353,496,3388
8354,503,3427
8355,490,3391
8356,480,3386
8357,480,3366
8358,465,3255
8359,477,3383
8360,483,3439
8361,492,3500
8362,468,3435
8363,490,3331
8364,490,3402
8365,481,3315
8366,477,3392
8367,485,3405
8368,495,3395
8369,493,3398
8370,497,3417
8371,479,3417
8372,485,3271
8373,471,3465
8374,470,3314
8375,508,3439
8376,484,3324
8377,465,3418
8378,491,3422
8379,461,3459
8380,497,3277
8381,455,3430
8382,470,3360
8383,461,3415
8384,471,3258
8385,484,3413
8386,479,3393
8387,482,3347
8388,449,3459
8389,486,3375
8390,452,3330
8391,473,3458
8392,481,3369
8393,463,3465
8394,483,3384
8395,501,3383
8396,473,3432
8397,474,3433
8398,469,3502
8399,475,3384
8400,486,3408
8401,459,3307
8402,484,3313
8403,480,3367
8404,484,3322
8405,480,3368
8406,489,3446
8407,486,3376
8408,490,3451
8409,469,3467
8410,477,3351
8411,509,3304
8412,494,3351
8413,505,3484
8414,466,3340
8415,472,3363
8416,473,3420
8417,468,3466
8418,481,3321
8419,474,3350
8420,458,3363
8421,471,3410
8422,486,3376
8423,472,3403
8424,499,3405
8425,493,3336
8426,482,3400
8427,488,3339
8428,495,3410
8429,500,3275
8430,511,3420
8431,507,3233
8432,494,3324
8433,494,3430
8434,486,3379
8435,487,3226
8436,463,3328
8437,474,3351
8438,466,3341
8439,456,3326
8440,478,3397
8441,489,3445
8442,472,3386
8443,487,3441
8444,526,3461
8445,498,3418
8446,505,3328
8447,474,3425
8448,487,3379
8449,503,3410
8450,474,3376
8451,477,3421
8452,468,3464
8453,502,3491
8454,497,3261
8455,465,3380
8456,479,3288
8457,471,3383
8458,485,3374
8459,446,3435
8460,482,3309
8461,476,3467
8462,484,3381
8463,488,3432
8464,505,3373
8465,493,3428
8466,497,3331
8467,462,3444
8468,461,3200
8469,494,3373
8470,487,3406
8471,471,3407
8472,490,3420
8473,483,3359
8474,537,3358
8475,479,3417
8476,481,3443
8477,482,3329
8478,471,3411
8479,485,3362
8480,518,3399
8481,462,3345
8482,475,3475
8483,499,3377
8484,481,3325
8485,505,3322
8486,492,3462
8487,471,3327
8488,485,3412
8489,467,3396
8490,491,3403
8491,465,3351
8492,465,3401
8493,470,3409
8494,464,3385
8495,486,3356
8496,502,3409
8497,484,3344
8498,464,3452
8499,499,3372
8500,471,3293
8501,488,3344
8502,461,3421
8503,472,3364
8504,498,3318
8505,468,3338
8506,470,3398
8507,493,3310
8508,482,3481
8509,462,3486
8510,477,3410
8511,479,3403
8512,481,3395
8513,454,3414
8514,476,3412
8515,483,3386
8516,472,3438
8517,489,3371
8518,507,3361
8519,481,3327
8520,501,3428
8521,482,3461
8522,478,3362
8523,523,3463
8524,473,3431
8525,454,3410
8526,468,3315
8527,492,3426
8528,489,3326
8529,485,3361
8530,470,3319
8531,493,3425
8532,499,3385
8533,504,3388
8534,468,3332
8535,505,3360
8536,486,3460
8537,500,3369
8538,514,3369
8539,476,3288
8540,477,3444
8541,487,3405
8542,491,3437
8543,497,3349
8544,494,3358
8545,484,3293
8546,478,3284
8547,493,3410
8548,483,3470
8549,493,3427
8550,476,3390
8551,460,3480
8552,486,3382
8553,488,3337
8554,510,3508
8555,500,3490
8556,484,3303
8557,500,3427
8558,467,3406
8559,468,3308
8560,481,3479
8561,493,3332
8562,467,3400
8563,473,3428
8564,481,3421
8565,491,3432
8566,481,3381
8567,479,3363
8568,488,3352
8569,489,3443
8570,486,3307
8571,481,3393
8572,491,3466
8573,483,3371
8574,486,3426
8575,514,3297
8576,465,3426
8577,509,3276
8578,481,3346
8579,490,3419
8580,482,3359
8581,471,3432
8582,468,3396
8583,494,3343
8584,476,3289
8585,498,3439
8586,511,3337
8587,455,3391
8588,490,3378
8589,465,3336
8590,482,3371
8591,492,3448
8592,494,3428
8593,472,3299
8594,490,3435
8595,471,3378
8596,482,3354
8597,485,3314
8598,484,3356
8599,510,3374
8600,496,3407
8601,475,3414
8602,498,3352
8603,491,3381
8604,475,3437
8605,500,3355
8606,469,3487
8607,455,3323
8608,482,3436
8609,495,3402
8610,519,3301
8611,468,3456
8612,503,3352
8613,493,3378
8614,477,3375
8615,462,3331
8616,484,3454
8617,475,3373
8618,480,3427
8619,486,3427
8620,466,3350
8621,495,3419
8622,491,3384
8623,489,3415
8624,483,3426
8625,507,3421
8626,473,3356
8627,504,3359
8628,486,3366
8629,473,3477
8630,497,3386
8631,490,3289
8632,482,3331
8633,479,3283
8634,468,3328
8635,478,3318
8636,506,3462
8637,480,3411
8638,508,3354
8639,486,3404
8640,463,3362
8641,493,3375
8642,482,3369
8643,473,3415
8644,487,3425
8645,472,3456
8646,470,3366
8647,491,3330
8648,498,3418
8649,470,3382
8650,491,3460
8651,492,3321
8652,497,3372
8653,475,3357
8654,472,3377
8655,468,3438
8656,462,3466
8657,478,3382
8658,484,3370
8659,480,3411
8660,472,3390
8661,485,3365
8662,499,3480
8663,490,3435
8664,477,3431
8665,479,3458
8666,469,3333
8667,471,3442
8668,518,3468
8669,482,3445
8670,504,3463
8671,468,3413
8672,463,3304
8673,470,3297
8674,481,3365
8675,474,3391
8676,496,3335
8677,468,3230
8678,465,3360
8679,467,3418
8680,517,3400
8681,484,3441
8682,507,3342
8683,501,3312
8684,486,3449
8685,465,3393
8686,482,3436
8687,499,3363
8688,505,3486
8689,469,3378
8690,500,3362
8691,489,3421
8692,478,3396
8693,489,3305
8694,471,3417
8695,467,3395
8696,498,3433
8697,485,3467
8698,483,3422
8699,468,3414
8700,491,3384
8701,490,3339
8702,498,3436
8703,502,3392
8704,494,3465
8705,497,3320
8706,481,3320
8707,508,3285
8708,495,3381
8709,491,3422
8710,480,3383
8711,491,3359
8712,467,3395
8713,492,3332
8714,483,3340
8715,486,3325
8716,487,3445
8717,483,3401
8718,479,3325
8719,473,3485
8720,511,3429
8721,457,3370
8722,452,3375
8723,472,3317
8724,479,3308
8725,509,3425
8726,465,3352
8727,470,3439
8728,493,3395
8729,501,3380
8730,489,3327
8731,497,3356
8732,481,3442
8733,488,3371
8734,484,3281
8735,490,3363
8736,479,3404
8737,472,3518
8738,493,3353
8739,479,3460
8740,490,3394
8741,450,3344
8742,497,3301
8743,470,3292
8744,478,3347
8745,491,3295
8746,488,3499
8747,463,3399
8748,476,3351
8749,484,3297
8750,475,3350
8751,503,3381
8752,481,3408
8753,497,3412
8754,487,3366
8755,485,3394
8756,490,3469
8757,508,3459
8758,476,3465
8759,464,3407
8760,493,3396
8761,488,3499
8762,482,3477
8763,473,3391
8764,474,3257
8765,483,3380
8766,501,3380
8767,485,3458
8768,477,3347
8769,509,3431
8770,473,3434
8771,474,3319
8772,497,3344
8773,488,3424
8774,500,3458
8775,497,3370
8776,467,3325
8777,469,3352
8778,480,3341
8779,479,3369
8780,503,3460
8781,481,3367
8782,496,3293
8783,477,3428
8784,497,3488
8785,504,3427
8786,486,3514
8787,464,3333
8788,478,3400
8789,471,3316
8790,483,3324
8791,472,3309
8792,455,3351
8793,500,3376
8794,487,3319
8795,493,3260
8796,466,3340
8797,473,3352
8798,509,3379
8799,485,3418
8800,494,3390
8801,472,3407
8802,470,3221
8803,473,3382
8804,499,3400
8805,455,3317
8806,490,3431
8807,484,3381
8808,459,3386
8809,488,3414
8810,504,3312
8811,476,3410
8812,509,3436
8813,487,3385
8814,515,3419
8815,453,3521
8816,509,3470
8817,472,3428
8818,490,3338
8819,491,3356
8820,477,3426
8821,484,3373
8822,465,3286
8823,480,3318
8824,473,3411
8825,499,3367
8826,485,3455
8827,492,3313
8828,496,3385
8829,487,3280
8830,456,3359
8831,495,3395
8832,511,3410
8833,483,3296
8834,495,3327
8835,471,3357
8836,444,3425
8837,474,3356
8838,474,3364
8839,476,3376
8840,483,3421
8841,476,3434
8842,476,3443
8843,497,3282
8844,481,3454
8845,494,3390
8846,466,3449
8847,483,3418
8848,449,3458
8849,472,3454
8850,469,3359
8851,500,3314
8852,479,3325
8853,479,3340
8854,478,3316
8855,480,3350
8856,462,3362
8857,480,3411
8858,473,3339
8859,476,3382
8860,486,3385
8861,467,3271
8862,466,3321
8863,453,3392
8864,481,3379
8865,491,3340
8866,480,3351
8867,481,3352
8868,488,3389
8869,474,3414
8870,484,3376
8871,533,3489
8872,484,3419
8873,481,3430
8874,515,3420
8875,497,3350
8876,479,3331
8877,479,3389
8878,472,3411
8879,492,3434
8880,476,3327
8881,448,3312
8882,473,3304
8883,491,3344
8884,481,3450
8885,484,3367
8886,469,3391
8887,492,3453
8888,481,3357
8889,486,3261
8890,482,3412
8891,481,3412
8892,502,3355
8893,494,3343
8894,461,3256
8895,481,3318
8896,490,3366
8897,477,3439
8898,494,3274
8899,476,3321
8900,495,3273
8901,489,3256
8902,501,3459
8903,502,3336
8904,487,3368
8905,489,3404
8906,488,3413
8907,490,3371
8908,482,3435
8909,476,3390
8910,497,3285
8911,502,3372
8912,466,3334
8913,486,3339
8914,474,3376
8915,483,3406
8916,490,3360
8917,505,3394
8918,487,3448
8919,502,3391
8920,473,3439
8921,481,3391
8922,478,3416
8923,468,3334
8924,473,3299
8925,474,3306
8926,500,3426
8927,502,3410
8928,489,3449
8929,479,3387
8930,480,3386
8931,490,3474
8932,510,3320
8933,501,3357
8934,475,3378
8935,504,3365
8936,480,3382
8937,500,3383
8938,468,3410
8939,479,3442
8940,499,3403
8941,493,3397
8942,503,3339
8943,465,3396
8944,497,3350
8945,486,3435
8946,460,3469
8947,469,3345
8948,481,3350
8949,480,3408
8950,477,3430
8951,497,3417
8952,445,3209
8953,489,3371
8954,492,3366
8955,474,3402
8956,490,3465
8957,476,3413
8958,476,3444
8959,492,3345
8960,490,3421
8961,479,3392
8962,488,3373
8963,491,3477
8964,473,3421
8965,464,3400
8966,534,3389
8967,475,3307
8968,502,3370
8969,501,3387
8970,484,3449
8971,502,3446
8972,492,3346
8973,469,3349
8974,466,3408
8975,469,3390
8976,481,3356
8977,474,3421
8978,486,3318
8979,478,3225
8980,452,3407
8981,467,3328
8982,489,3452
8983,467,3337
8984,507,3458
8985,496,3449
8986,488,3355
8987,502,3386
8988,479,3336
8989,478,3416
8990,495,3470
8991,484,3481
8992,511,3354
8993,491,3373
8994,480,3339
8995,470,3350
8996,465,3368
8997,462,3432
8998,480,3399
8999,462,3425
9000,459,3532
9001,457,3400
9002,503,3445
9003,484,3456
9004,492,3360
9005,495,3301
9006,472,3509
9007,483,3464
9008,496,3348
9009,512,3378
9010,479,3402
9011,476,3310
9012,479,3297
9013,477,3314
9014,455,3488
9015,471,3361
9016,484,3376
9017,499,3379
9018,484,3404
9019,476,3319
9020,479,3283
9021,483,3377
9022,460,3215
9023,496,3344
9024,496,3428
9025,484,3333
9026,486,3320
9027,469,3454
9028,487,3442
9029,477,3431
9030,490,3407
9031,480,3409
9032,465,3479
9033,509,3387
9034,483,3384
9035,462,3387
9036,482,3371
9037,487,3425
9038,488,3403
9039,481,3460
9040,486,3377
9041,454,3547
9042,479,3465
9043,466,3339
9044,494,3435
9045,471,3376
9046,481,3318
9047,504,3269
9048,484,3292
9049,487,3400
9050,475,3473
9051,476,3369
9052,517,3307
9053,476,3414
9054,468,3393
9055,492,3473
9056,476,3433
9057,484,3474
9058,496,3322
9059,451,3330
9060,485,3334
9061,472,3404
9062,493,3377
9063,470,3408
9064,460,3473
9065,477,3342
9066,496,3394
9067,506,3286
9068,492,3302
9069,482,3380
9070,484,3394
9071,485,3312
9072,483,3336
9073,489,3453
9074,480,3324
9075,484,3427
9076,463,3353
9077,437,3478
9078,492,3429
9079,499,3424
9080,489,3367
9081,486,3318
9082,492,3340
9083,474,3489
9084,496,3409
9085,470,3463
9086,493,3503
9087,463,3365
9088,477,3439
9089,478,3367
9090,467,3375
9091,492,3447
9092,489,3373
9093,460,3478
9094,480,3365
9095,480,3470
9096,479,3388
9097,485,3409
9098,500,3443
9099,486,3402
9100,485,3443
9101,474,3309
9102,470,3220
9103,498,3367
9104,488,3320
9105,491,3345
9106,465,3414
9107,495,3334
9108,497,3366
9109,456,3388
9110,474,3448
9111,476,3414
9112,482,3242
9113,485,3356
9114,490,3397
9115,493,3318
9116,492,3312
9117,448,3357
9118,493,3356
9119,472,3442
9120,516,3305
9121,479,3314
9122,482,3383
9123,505,3386
9124,481,3363
9125,481,3527
9126,460,3377
9127,479,3366
9128,486,3413
9129,475,3377
9130,510,3326
9131,465,3348
9132,504,3400
9133,500,3418
9134,461,3347
9135,512,3287
9136,478,3437
9137,489,3346
9138,480,3324
9139,491,3368
9140,504,3463
9141,482,3425
9142,492,3404
9143,498,3356
9144,485,3415
9145,505,3311
9146,495,3390
9147,474,3413
9148,488,3394
9149,485,3423
9150,484,3506
9151,483,3248
9152,485,3390
9153,477,3370
9154,492,3468
9155,504,3407
9156,513,3395
9157,503,3367
9158,476,3295
9159,477,3409
9160,499,3374
9161,500,3281
9162,459,3420
9163,465,3380
9164,456,3364
9165,459,3374
9166,517,3370
9167,508,3386
9168,490,3419
9169,475,3320
9170,504,3523
9171,494,3516
9172,455,3332
9173,485,3362
9174,465,3458
9175,510,3323
9176,490,3403
9177,492,3423
9178,483,3399
9179,486,3333
9180,493,3449
9181,508,3455
9182,492,3262
9183,494,3296
9184,476,3427
9185,490,3464
9186,483,3398
9187,492,3368
9188,473,3420
9189,493,3350
9190,478,3329
9191,484,3416
9192,498,3341
9193,515,3398
9194,476,3458
9195,477,3329
9196,499,3334
9197,491,3380
9198,495,3440
9199,477,3368
9200,471,3414
9201,489,3370
9202,488,3353
9203,450,3500
9204,493,3373
9205,469,3345
9206,481,3316
9207,470,3336
9208,471,3332
9209,480,3309
9210,486,3405
9211,471,3380
9212,478,3424
9213,516,3370
9214,491,3343
9215,476,3356
9216,467,3354
9217,494,3350
9218,500,3375
9219,476,3302
9220,488,3304
9221,516,3445
9222,484,3420
9223,485,3413
9224,466,3389
9225,475,3357
9226,513,3369
9227,470,3426
9228,517,3376
9229,461,3383
9230,477,3352
9231,467,3470
9232,470,3388
9233,488,3376
9234,461,3360
9235,469,3440
9236,494,3332
9237,466,3305
9238,460,3323
9239,478,3368
9240,499,3424
9241,473,3377
9242,487,3374
9243,488,3483
9244,494,3383
9245,484,3462
9246,524,3380
9247,492,3430
9248,475,3364
9249,479,3307
9250,482,3212
9251,461,3337
9252,484,3313
9253,500,3353
9254,507,3350
9255,454,3370
9256,489,3396
9257,479,3385
9258,500,3390
9259,490,3344
9260,464,3408
9261,490,3313
9262,500,3349
9263,468,3402
9264,473,3421
9265,488,3374
9266,461,3410
9267,465,3324
9268,463,3486
9269,482,3419
9270,470,3364
9271,460,3338
9272,484,3403
9273,501,3316
9274,470,3347
9275,488,3331
9276,464,3231
9277,465,3391
9278,494,3311
9279,471,3399
9280,501,3434
9281,487,3272
9282,484,3497
9283,482,3305
9284,503,3339
9285,472,3423
9286,465,3430
9287,468,3280
9288,496,3330
9289,473,3303
9290,501,3452
9291,488,3314
9292,475,3356
9293,487,3425
9294,489,3462
9295,475,3411
9296,476,3407
9297,506,3385
9298,483,3491
9299,479,3415
9300,487,3359
9301,482,3247
9302,493,3386
9303,499,3383
9304,472,3363
9305,465,3345
9306,490,3431
9307,506,3359
9308,473,3382
9309,490,3482
9310,489,3256
9311,470,3366
9312,491,3329
9313,476,3392
9314,493,3395
9315,477,3369
9316,447,3433
9317,487,3455
9318,499,3353
9319,483,3340
9320,511,3307
9321,477,3392
9322,513,3354
9323,488,3393
9324,490,3362
9325,483,3429
9326,449,3352
9327,474,3352
9328,459,3368
9329,487,3181
9330,475,3404
9331,493,3394
9332,472,3366
9333,483,3442
9334,477,3345
9335,469,3263
9336,502,3419
9337,480,3275
9338,497,3326
9339,498,3413
9340,485,3337
9341,513,3333
9342,486,3330
9343,484,3430
9344,504,3311
9345,457,3408
9346,480,3378
9347,477,3404
9348,486,3441
9349,482,3401
9350,480,3286
9351,488,3449
9352,478,3161
9353,516,3312
9354,483,3348
9355,472,3417
9356,471,3473
9357,477,3411
9358,475,3385
9359,488,3324
9360,503,3350
9361,463,3346
9362,481,3408
9363,482,3384
9364,476,3421
9365,491,3328
9366,476,3382
9367,504,3326
9368,485,3353
9369,466,3434
9370,476,3421
9371,451,3401
9372,497,3373
9373,486,3360
9374,473,3447
9375,466,3355
9376,487,3399
9377,475,3419
9378,481,3318
9379,482,3388
9380,459,3485
9381,473,3445
9382,490,3466
9383,483,3432
9384,469,3342
9385,489,3395
9386,483,3392
9387,485,3329
9388,477,3440
9389,482,3386
9390,494,3380
9391,488,3399
9392,501,3417
9393,482,3364
9394,498,3356
9395,467,3318
9396,476,3447
9397,493,3443
9398,473,3469
9399,481,3477
9400,488,3446
9401,468,3410
9402,466,3367
9403,472,3474
9404,504,3376
9405,500,3430
9406,486,3366
9407,450,3399
9408,503,3398
9409,499,3388
9410,480,3381
9411,519,3291
9412,484,3271
9413,480,3305
9414,516,3385
9415,497,3378
9416,489,3370
9417,470,3503
9418,498,3408
9419,474,3514
9420,473,3403
9421,485,3302
9422,471,3343
9423,484,3387
9424,462,3449
9425,508,3394
9426,482,3416
9427,485,3413
9428,512,3325
9429,449,3343
9430,465,3443
9431,469,3473
9432,496,3357
9433,484,3477
9434,481,3358
9435,458,3391
9436,499,3463
9437,491,3289
9438,466,3350
9439,491,3402
9440,497,3375
9441,481,3392
9442,482,3364
9443,471,3316
9444,474,3386
9445,448,3361
9446,480,3350
9447,502,3289
9448,485,3380
9449,490,3475
9450,481,3392
9451,499,3295
9452,507,3348
9453,506,3395
9454,518,3408
9455,490,3311
9456,464,3349
9457,478,3421
9458,488,3481
9459,504,3478
9460,461,3346
9461,461,3417
9462,466,3439
9463,480,3378
9464,483,3397
9465,476,3315
9466,461,3345
9467,494,3365
9468,483,3395
9469,494,3381
9470,464,3418
9471,472,3490
9472,483,3432
9473,486,3238
9474,488,3328
9475,499,3325
9476,499,3395
9477,500,3348
9478,493,3325
9479,496,3293
9480,481,3380
9481,475,3364
9482,473,3442
9483,476,3211
9484,499,3470
9485,461,3492
9486,494,3577
9487,495,3354
9488,480,3257
9489,485,3428
9490,478,3474
9491,501,3321
9492,479,3421
9493,520,3345
9494,505,3210
9495,456,3407
9496,458,3462
9497,469,3393
9498,510,3367
9499,488,3415
9500,493,3299
9501,484,3358
9502,497,3379
9503,465,3384
9504,487,3394
9505,472,3306
9506,472,3456
9507,504,3411
9508,482,3490
9509,493,3407
9510,503,3401
9511,478,3435
9512,514,3383
9513,492,3359
9514,459,3403
9515,497,3369
9516,475,3322
9517,506,3347
9518,485,3425
9519,502,3386
9520,481,3377
9521,462,3388
9522,476,3434
9523,481,3288
9524,486,3408
9525,491,3388
9526,486,3396
9527,481,3415
9528,492,3333
9529,479,3394
9530,481,3434
9531,465,3346
9532,470,3440
9533,466,3402
9534,472,3298
9535,460,3401
9536,503,3377
9537,465,3410
9538,469,3335
9539,496,3336
9540,479,3416
9541,474,3438
9542,463,3293
9543,473,3388
9544,484,3403
9545,489,3382
9546,475,3495
9547,479,3364
9548,470,3319
9549,484,3329
9550,486,3307
9551,496,3349
9552,481,3416
9553,465,3365
9554,482,3422
9555,483,3423
9556,471,3426
9557,473,3420
9558,453,3362
9559,479,3366
9560,484,3423
9561,484,3361
9562,512,3415
9563,510,3357
9564,470,3359
9565,486,3332
9566,504,3416
9567,478,3364
9568,478,3305
9569,491,3316
9570,479,3389
9571,470,3429
9572,494,3414
9573,487,3338
9574,490,3339
9575,485,3335
9576,496,3399
9577,481,3428
9578,485,3441
9579,501,3310
9580,455,3381
9581,454,3345
9582,481,3392
9583,500,3213
9584,498,3385
9585,471,3302
9586,484,3457
9587,501,3388
9588,477,3351
9589,484,3460
9590,459,3318
9591,493,3518
9592,475,3486
9593,477,3396
9594,500,3325
9595,494,3383
9596,502,3374
9597,485,3328
9598,479,3362
9599,482,3423
9600,484,3430
9601,471,3392
9602,476,3418
9603,481,3395
9604,485,3293
9605,476,3486
9606,473,3323
9607,496,3295
9608,459,3375
9609,484,3290
9610,493,3374
9611,478,3345
9612,507,3379
9613,470,3429
9614,501,3274
9615,490,3366
9616,504,3356
9617,479,3400
9618,524,3486
9619,490,3288
9620,493,3414
9621,480,3319
9622,481,3373
9623,477,3372
9624,501,3344
9625,472,3377
9626,494,3357
9627,473,3298
9628,485,3351
9629,485,3379
9630,483,3516
9631,510,3457
9632,491,3416
9633,472,3452
9634,481,3341
9635,482,3412
9636,495,3385
9637,499,3523
9638,482,3401
9639,501,3361
9640,489,3360
9641,497,3334
9642,481,3414
9643,499,3303
9644,486,3502
9645,498,3278
9646,477,3373
9647,507,3441
9648,485,3285
9649,484,3427
9650,481,3332
9651,479,3265
9652,493,3441
9653,478,3383
9654,479,3383
9655,461,3375
9656,466,3378
9657,480,3376
9658,483,3447
9659,457,3402
9660,467,3407
9661,484,3398
9662,489,3376
9663,477,3297
9664,448,3364
9665,489,3382
9666,466,3309
9667,478,3333
9668,463,3394
9669,472,3361
9670,487,3455
9671,504,3326
9672,466,3449
9673,476,3296
9674,479,3418
9675,477,3339
9676,474,3351
9677,485,3396
9678,499,3345
9679,473,3300
9680,510,3315
9681,451,3468
9682,481,3339
9683,478,3449
9684,487,3360
9685,476,3315
9686,455,3396
9687,475,3261
9688,496,3341
9689,457,3493
9690,466,3388
9691,441,3383
9692,500,3355
9693,486,3377
9694,495,3362
9695,483,3394
9696,490,3452
9697,525,3376
9698,491,3294
9699,482,3385
9700,478,3369
9701,482,3484
9702,501,3492
9703,482,3414
9704,469,3394
9705,483,3375
9706,481,3412
9707,461,3348
9708,475,3385
9709,467,3397
9710,483,3273
9711,496,3443
9712,487,3335
9713,511,3380
9714,494,3401
9715,492,3376
9716,499,3345
9717,479,3356
9718,469,3375
9719,465,3507
9720,488,3412
9721,470,3441
9722,467,3410
9723,480,3365
9724,482,3485
9725,493,3352
9726,506,3452
9727,478,3430
9728,482,3455
9729,456,3266
9730,478,3427
9731,498,3283
9732,513,3260
9733,485,3341
9734,494,3382
9735,507,3406
9736,469,3400
9737,493,3349
9738,471,3376
9739,485,3370
9740,514,3455
9741,477,3446
9742,519,3486
9743,467,3364
9744,510,3406
9745,486,3463
9746,485,3310
9747,492,3218
9748,496,3347
9749,480,3410
9750,465,3322
9751,481,3344
9752,464,3435
9753,487,3296
9754,492,3358
9755,476,3326
9756,467,3431
9757,486,3328
9758,480,3350
9759,465,3405
9760,484,3401
9761,477,3442
9762,482,3459
9763,486,3392
9764,495,3493
9765,506,3373
9766,487,3407
9767,485,3300
9768,447,3367
9769,499,3414
9770,500,3372
9771,495,3448
9772,467,3386
9773,490,3364
9774,489,3325
9775,490,3360
9776,493,3438
9777,490,3365
9778,475,3368
9779,457,3453
9780,501,3393
9781,457,3358
9782,482,3493
9783,497,3510
9784,483,3356
9785,500,3427
9786,497,3450
9787,488,3355
9788,471,3418
9789,485,3366
9790,491,3293
9791,488,3304
9792,468,3323
9793,495,3345
9794,473,3387
9795,476,3485
9796,485,3327
9797,463,3379
9798,477,3376
9799,504,3324
9800,483,3394
9801,466,3373
9802,471,3431
9803,464,3376
9804,493,3372
9805,491,3354
9806,492,3361
9807,473,3419
9808,472,3300
9809,500,3367
9810,464,3323
9811,480,3299
9812,469,3367
9813,474,3293
9814,486,3416
9815,498,3393
9816,493,3358
9817,479,3352
9818,476,3434
9819,476,3290
9820,498,3421
9821,469,3381
9822,476,3419
9823,481,3349
9824,463,3358
9825,483,3498
9826,467,3336
9827,503,3389
9828,484,3358
9829,440,3425
9830,479,3224
9831,497,3405
9832,512,3414
9833,462,3306
9834,513,3400
9835,485,3355
9836,481,3363
9837,512,3417
9838,510,3397
9839,480,3440
9840,491,3348
9841,481,3353
9842,481,3360
9843,500,3332
9844,486,3350
9845,458,3392
9846,477,3376
9847,484,3506
9848,475,3311
9849,504,3379
9850,487,3345
9851,465,3325
9852,507,3401
9853,492,3366
9854,454,3322
9855,477,3436
9856,491,3336
9857,447,3404
9858,477,3347
9859,498,3450
9860,502,3348
9861,466,3427
9862,485,3361
9863,488,3429
9864,484,3308
9865,500,3438
9866,478,3391
9867,504,3429
9868,470,3476
9869,490,3452
9870,489,3394
9871,464,3345
9872,498,3399
9873,471,3348
9874,471,3395
9875,481,3328
9876,495,3331
9877,477,3361
9878,481,3323
9879,497,3400
9880,499,3430
9881,501,3513
9882,463,3468
9883,479,3404
9884,494,3391
9885,489,3340
9886,462,3464
9887,515,3482
9888,472,3397
9889,490,3338
9890,458,3463
9891,521,3385
9892,468,3364
9893,476,3279
9894,486,3402
9895,469,3396
9896,494,3419
9897,490,3470
9898,483,3377
9899,488,3407
9900,493,3520
9901,476,3308
9902,469,3392
9903,489,3462
9904,510,3389
9905,497,3442
9906,469,3372
9907,501,3484
9908,482,3342
9909,495,3461
9910,493,3349
9911,481,3417
9912,502,3369
9913,455,3478
9914,448,3390
9915,486,3360
9916,480,3409
9917,482,3338
9918,473,3394
9919,473,3374
9920,473,3401
9921,481,3529
9922,502,3348
9923,475,3274
9924,490,3424
9925,469,3489
9926,489,3357
9927,487,3368
9928,497,3373
9929,497,3416
9930,522,3288
9931,490,3273
9932,471,3403
9933,499,3341
9934,496,3368
9935,485,3383
9936,503,3326
9937,477,3422
9938,492,3359
9939,487,3311
9940,490,3346
9941,483,3396
9942,443,3397
9943,505,3344
9944,486,3470
9945,492,3266
9946,472,3391
9947,477,3427
9948,504,3371
9949,481,3329
9950,487,3413
9951,511,3453
9952,498,3388
9953,473,3492
9954,473,3401
9955,482,3430
9956,495,3319
9957,486,3231
9958,458,3372
9959,475,3308
9960,476,3333
9961,460,3364
9962,493,3266
9963,474,3363
9964,496,3457
9965,527,3363
9966,480,3265
9967,478,3500
9968,469,3395
9969,468,3381
9970,478,3424
9971,486,3397
9972,482,3463
9973,492,3440
9974,479,3348
9975,470,3474
9976,501,3416
9977,471,3388
9978,464,3421
9979,494,3396
9980,469,3286
9981,468,3417
9982,468,3404
9983,466,3361
9984,512,3285
9985,479,3391
9986,511,3365
9987,500,3252
9988,469,3335
9989,481,3433
9990,486,3408
9991,479,3366
9992,480,3316
9993,490,3363
9994,472,3348
9995,471,3430
9996,481,3270
9997,491,3346
9998,472,3406
9999,496,3346
10000,469,3381
